#VRML V2.0 utf8
# 3D model generated by easyeda2kicad.py (https://github.com/uPesy/easyeda2kicad.py)

Shape{
    appearance Appearance {
        material  Material 	{
            diffuseColor 0.20784313725490197 0.20784313725490197 0.20784313725490197
            specularColor 0.01568627450980392 0.01568627450980392 0.01568627450980392
            ambientIntensity 0.298
            transparency 0.0
            shininess 0.5
        }
    }
    geometry IndexedFaceSet {
        ccw TRUE
        solid FALSE
        coord DEF co Coordinate {
            point [
                0.8861 -0.9843 0.3661, 0.9843 -0.9843 0.3661, 0.9843 0.7354 0.3661, 0.6997 0.7496 0.3661, 0.6997 0.7802 0.3661, 0.6974 0.7802 0.3661, 0.4818 0.7789 0.3661, 0.4862 0.7749 0.3661, 0.4964 0.7802 0.3661, 0.4147 0.8013 0.3661, 0.4165 0.8053 0.3661, -0.166 0.8053 0.3661, 0.662 0.7495 0.3661, 0.661 0.7493 0.3661, 0.6696 0.7493 0.3661, 0.7551 0.8053 0.3661, 0.7437 0.8056 0.3661, 0.7386 0.8056 0.3661, 0.735 0.8153 0.3661, 0.7221 0.8153 0.3661, 0.7221 0.8053 0.3661, 0.7302 0.841 0.3661, 0.7551 0.8412 0.3661, 0.7221 0.8412 0.3661, 0.7203 0.8153 0.3661, 0.7169 0.8056 0.3661, 0.7109 0.8053 0.3661, 0.7119 0.8056 0.3661, 0.7109 0.8412 0.3661, 0.7221 0.8324 0.3661, 0.7253 0.841 0.3661, 0.6065 0.7696 0.3661, 0.6192 0.7696 0.3661, 0.6208 0.7802 0.3661, 0.6065 0.7655 0.3661, 0.6065 0.7537 0.3661, 0.6192 0.7655 0.3661, 0.6208 0.7537 0.3661, 0.6202 0.7849 0.3661, 0.6202 0.7809 0.3661, 0.6065 0.7802 0.3661, 0.6065 0.7809 0.3661, 0.6208 0.7493 0.3661, 0.6208 0.7496 0.3661, 0.602 0.7496 0.3661, 0.602 0.7849 0.3661, 0.5875 0.8053 0.3661, 0.602 0.7802 0.3661, 0.5875 0.7802 0.3661, 0.5875 0.7493 0.3661, 0.6215 0.7802 0.3661, 0.621 0.7537 0.3661, 0.621 0.7496 0.3661, 0.6215 0.7493 0.3661, 0.7696 0.7849 0.3661, 0.7744 0.7849 0.3661, 0.7677 0.7802 0.3661, 0.7551 0.7802 0.3661, 0.7561 0.7496 0.3661, 0.7551 0.7493 0.3661, 0.7611 0.7496 0.3661, 0.7828 0.7496 0.3661, 0.7792 0.7593 0.3661, 0.7645 0.7593 0.3661, 0.6413 0.8092 0.3661, 0.6452 0.81 0.3661, 0.6268 0.8226 0.3661, 0.647 0.8108 0.3661, 0.6268 0.8229 0.3661, 0.6441 0.837 0.3661, 0.6401 0.8374 0.3661, 0.6389 0.8374 0.3661, 0.6358 0.8368 0.3661, 0.6299 0.8328 0.3661, 0.6283 0.8303 0.3661, 0.6272 0.8271 0.3661, 0.6274 0.8182 0.3661, 0.6285 0.8154 0.3661, 0.6303 0.8128 0.3661, 0.6333 0.8105 0.3661, 0.6359 0.8095 0.3661, 0.6393 0.8091 0.3661, 0.633 0.8356 0.3661, 0.6305 0.8335 0.3661, 0.631 0.8121 0.3661, 0.65 0.8053 0.3661, 0.6485 0.8353 0.3661, 0.6485 0.8115 0.3661, 0.6477 0.8357 0.3661, 0.647 0.836 0.3661, 0.6485 0.8401 0.3661, 0.65 0.8412 0.3661, 0.647 0.8406 0.3661, 0.647 0.8412 0.3661, 0.6451 0.8411 0.3661, 0.6437 0.8412 0.3661, 0.6406 0.8415 0.3661, 0.647 0.9842 0.3661, 0.6401 0.8415 0.3661, 0.6215 0.9842 0.3661, 0.6376 0.8412 0.3661, 0.6241 0.8133 0.3661, 0.6227 0.817 0.3661, 0.6215 0.8053 0.3661, 0.6313 0.8395 0.3661, 0.635 0.8409 0.3661, 0.6215 0.8412 0.3661, 0.6293 0.8076 0.3661, 0.6326 0.806 0.3661, 0.6355 0.8053 0.3661, 0.6266 0.8099 0.3661, 0.6262 0.8102 0.3661, 0.6248 0.8334 0.3661, 0.6271 0.8363 0.3661, 0.6279 0.8371 0.3661, 0.622 0.8226 0.3661, 0.6221 0.825 0.3661, 0.623 0.8295 0.3661, 0.6364 0.8052 0.3661, 0.6387 0.805 0.3661, 0.647 0.7802 0.3661, 0.6418 0.8053 0.3661, 0.6485 0.8071 0.3661, 0.6479 0.8068 0.3661, 0.647 0.8053 0.3661, 0.647 0.8065 0.3661, 0.6441 0.8056 0.3661, 0.6696 0.7802 0.3661, 0.6757 0.7749 0.3661, 0.6708 0.7749 0.3661, 0.6823 0.7559 0.3661, 0.6829 0.7538 0.3661, 0.683 0.7538 0.3661, 0.6832 0.7547 0.3661, 0.6835 0.7559 0.3661, 0.6904 0.7749 0.3661, 0.6779 0.7435 0.3661, 0.6787 0.7451 0.3661, 0.6805 0.7493 0.3661, 0.6807 0.7497 0.3661, 0.6745 0.7378 0.3661, 0.6696 0.7354 0.3661, 0.6763 0.738 0.3661, 0.6974 0.7354 0.3661, 0.6736 0.7378 0.3661, 0.6717 0.7381 0.3661, 0.6717 0.7421 0.3661, 0.6849 0.7493 0.3661, 0.6835 0.7458 0.3661, 0.6815 0.7419 0.3661, 0.6799 0.74 0.3661, 0.6796 0.7397 0.3661, 0.6781 0.7386 0.3661, 0.6726 0.7418 0.3661, 0.6742 0.7415 0.3661, 0.6753 0.7417 0.3661, 0.6762 0.742 0.3661, 0.677 0.7426 0.3661, 0.7505 0.7786 0.3661, 0.7526 0.7754 0.3661, 0.7531 0.761 0.3661, 0.7512 0.7574 0.3661, 0.7488 0.7546 0.3661, 0.7451 0.7519 0.3661, 0.741 0.7503 0.3661, 0.7351 0.7496 0.3661, 0.7221 0.7493 0.3661, 0.7537 0.7719 0.3661, 0.7541 0.7677 0.3661, 0.754 0.7651 0.3661, 0.7254 0.7496 0.3661, 0.7254 0.7802 0.3661, 0.7221 0.7802 0.3661, 0.7254 0.7849 0.3661, 0.7355 0.7849 0.3661, 0.7361 0.7849 0.3661, 0.7415 0.7842 0.3661, 0.7456 0.7825 0.3661, 0.7488 0.7803 0.3661, 0.7489 0.7802 0.3661, 0.6673 0.77 0.3661, 0.6673 0.7743 0.3661, 0.6554 0.7741 0.3661, 0.6535 0.7802 0.3661, 0.6543 0.7734 0.3661, 0.6535 0.7727 0.3661, 0.6683 0.7547 0.3661, 0.6677 0.7533 0.3661, 0.6669 0.7521 0.3661, 0.6578 0.775 0.3661, 0.6613 0.7754 0.3661, 0.664 0.7752 0.3661, 0.667 0.7607 0.3661, 0.6678 0.7594 0.3661, 0.6683 0.7581 0.3661, 0.6685 0.7565 0.3661, 0.6656 0.751 0.3661, 0.6644 0.7503 0.3661, 0.6609 0.7718 0.3661, 0.6595 0.7717 0.3661, 0.656 0.7684 0.3661, 0.6584 0.7714 0.3661, 0.6574 0.7709 0.3661, 0.6561 0.7679 0.3661, 0.6562 0.7672 0.3661, 0.6566 0.7666 0.3661, 0.657 0.7661 0.3661, 0.6586 0.7651 0.3661, 0.6641 0.7714 0.3661, 0.6613 0.7639 0.3661, 0.6665 0.7704 0.3661, 0.663 0.7632 0.3661, 0.6659 0.7616 0.3661, 0.6567 0.7703 0.3661, 0.6563 0.7697 0.3661, 0.6561 0.7691 0.3661, 0.653 0.7722 0.3661, 0.65 0.7802 0.3661, 0.6522 0.7711 0.3661, 0.6532 0.754 0.3661, 0.6535 0.7539 0.3661, 0.6535 0.7633 0.3661, 0.6527 0.7641 0.3661, 0.6521 0.765 0.3661, 0.6514 0.7551 0.3661, 0.6517 0.7663 0.3661, 0.6515 0.768 0.3661, 0.6516 0.7696 0.3661, 0.6534 0.7633 0.3661, 0.6559 0.753 0.3661, 0.6582 0.7607 0.3661, 0.6555 0.7619 0.3661, 0.6587 0.7526 0.3661, 0.6589 0.7527 0.3661, 0.6611 0.7595 0.3661, 0.6612 0.7529 0.3661, 0.6639 0.7561 0.3661, 0.6639 0.7566 0.3661, 0.6623 0.7533 0.3661, 0.6627 0.7536 0.3661, 0.6632 0.754 0.3661, 0.6636 0.7546 0.3661, 0.6638 0.7552 0.3661, 0.6637 0.7573 0.3661, 0.6633 0.7579 0.3661, 0.6628 0.7585 0.3661, 0.6514 0.7505 0.3661, 0.65 0.7493 0.3661, 0.6535 0.7498 0.3661, 0.6535 0.7493 0.3661, 0.6545 0.7494 0.3661, 0.6554 0.7493 0.3661, 0.6583 0.749 0.3661, 0.6535 0.7354 0.3661, 0.6277 0.7688 0.3661, 0.6277 0.7731 0.3661, 0.6455 0.7659 0.3661, 0.6455 0.7496 0.3661, 0.647 0.7493 0.3661, 0.641 0.7496 0.3661, 0.6288 0.75 0.3661, 0.6305 0.7493 0.3661, 0.6306 0.7493 0.3661, 0.6259 0.7529 0.3661, 0.6254 0.7544 0.3661, 0.6374 0.7717 0.3661, 0.6359 0.7718 0.3661, 0.6336 0.7646 0.3661, 0.6274 0.751 0.3661, 0.6269 0.7515 0.3661, 0.6269 0.7615 0.3661, 0.6282 0.7627 0.3661, 0.63 0.7637 0.3661, 0.6306 0.7707 0.3661, 0.6334 0.7716 0.3661, 0.6252 0.7564 0.3661, 0.6254 0.7585 0.3661, 0.6259 0.7601 0.3661, 0.641 0.7535 0.3661, 0.6409 0.7535 0.3661, 0.6402 0.7525 0.3661, 0.6388 0.751 0.3661, 0.6392 0.7751 0.3661, 0.641 0.7745 0.3661, 0.6425 0.7737 0.3661, 0.641 0.7657 0.3661, 0.6409 0.7676 0.3661, 0.6404 0.7692 0.3661, 0.6399 0.7701 0.3661, 0.6434 0.7728 0.3661, 0.6443 0.7714 0.3661, 0.645 0.7695 0.3661, 0.629 0.7738 0.3661, 0.6324 0.775 0.3661, 0.6363 0.7754 0.3661, 0.6392 0.7708 0.3661, 0.6384 0.7713 0.3661, 0.6332 0.749 0.3661, 0.6215 0.7354 0.3661, 0.6355 0.7493 0.3661, 0.647 0.7354 0.3661, 0.6356 0.7493 0.3661, 0.5654 0.8053 0.3661, 0.5637 0.8077 0.3661, 0.5875 0.8412 0.3661, 0.5569 0.8134 0.3661, 0.5234 0.8449 0.3661, 0.5289 0.8412 0.3661, 0.5346 0.8374 0.3661, 0.543 0.8277 0.3661, 0.5482 0.8175 0.3661, 0.5494 0.8171 0.3661, 0.5109 0.8493 0.3661, 0.5875 0.9842 0.3661, 0.5005 0.8504 0.3661, 0.4881 0.8489 0.3661, 0.4765 0.8444 0.3661, -0.166 0.9842 0.3661, 0.4714 0.8412 0.3661, -0.166 0.8412 0.3661, 0.4704 0.8406 0.3661, 0.4187 0.8103 0.3661, 0.4247 0.818 0.3661, 0.4437 0.8289 0.3661, 0.4536 0.8301 0.3661, 0.4645 0.8356 0.3661, 0.4565 0.8299 0.3661, 0.4593 0.8296 0.3661, 0.4264 0.8196 0.3661, 0.4344 0.8253 0.3661, -0.166 0.7802 0.3661, 0.4129 0.7894 0.3661, 0.413 0.7918 0.3661, 0.4313 0.7554 0.3661, 0.4234 0.7621 0.3661, -0.166 0.7493 0.3661, 0.4403 0.751 0.3661, 0.4177 0.7702 0.3661, 0.4141 0.7796 0.3661, 0.414 0.7802 0.3661, 0.4435 0.75 0.3661, 0.4438 0.7493 0.3661, 0.446 0.7446 0.3661, 0.4498 0.74 0.3661, 0.4674 0.7329 0.3661, -0.166 -0.9843 0.3661, 0.4735 0.7337 0.3661, 0.5875 -0.9843 0.3661, 0.4778 0.7354 0.3661, 0.4664 0.733 0.3661, 0.4605 0.7339 0.3661, -0.166 0.7354 0.3661, 0.457 0.7354 0.3661, 0.4547 0.7363 0.3661, 0.4909 0.7493 0.3661, 0.4909 0.7492 0.3661, 0.5875 0.7354 0.3661, 0.4879 0.7436 0.3661, 0.4841 0.7393 0.3661, 0.4791 0.7358 0.3661, 0.5725 0.7802 0.3661, 0.5719 0.7757 0.3661, 0.5229 0.7641 0.3661, 0.5247 0.7648 0.3661, 0.5276 0.7791 0.3661, 0.5214 0.7631 0.3661, 0.5266 0.7651 0.3661, 0.5269 0.7651 0.3661, 0.5276 0.7649 0.3661, 0.5688 0.7678 0.3661, 0.5638 0.7608 0.3661, 0.5569 0.755 0.3661, 0.5493 0.7513 0.3661, 0.5409 0.7495 0.3661, 0.5188 0.7573 0.3661, 0.5189 0.7583 0.3661, 0.4925 0.7606 0.3661, 0.5194 0.7602 0.3661, 0.5204 0.7619 0.3661, 0.5524 0.7711 0.3661, 0.5552 0.775 0.3661, 0.5261 0.7495 0.3661, 0.5247 0.7497 0.3661, 0.523 0.7504 0.3661, 0.5214 0.7516 0.3661, 0.5208 0.7521 0.3661, 0.5197 0.7537 0.3661, 0.5191 0.7554 0.3661, 0.4923 0.7554 0.3661, 0.4925 0.758 0.3661, 0.5281 0.7648 0.3661, 0.5394 0.7648 0.3661, 0.5439 0.7657 0.3661, 0.5484 0.7678 0.3661, 0.5521 0.7708 0.3661, 0.4704 0.7832 0.3661, 0.4765 0.7817 0.3661, 0.5356 0.8053 0.3661, 0.4674 0.7834 0.3661, 0.5569 0.7795 0.3661, 0.557 0.7802 0.3661, 0.527 0.7802 0.3661, 0.5575 0.7844 0.3661, 0.5574 0.7866 0.3661, 0.4614 0.7827 0.3661, 0.4342 0.8053 0.3661, 0.4558 0.7805 0.3661, 0.4316 0.8016 0.3661, 0.4295 0.796 0.3661, 0.4307 0.7802 0.3661, 0.4553 0.7802 0.3661, 0.429 0.786 0.3661, 0.4287 0.7899 0.3661, 0.551 0.799 0.3661, 0.5471 0.8017 0.3661, 0.5562 0.7915 0.3661, 0.5538 0.7958 0.3661, 0.5359 0.804 0.3661, 0.5198 0.7924 0.3661, 0.5379 0.804 0.3661, 0.5427 0.8034 0.3661, 0.4793 0.7802 0.3661, 0.4308 0.7799 0.3661, 0.4465 0.7722 0.3661, 0.4507 0.777 0.3661, 0.4338 0.7748 0.3661, 0.4383 0.7702 0.3661, 0.4438 0.7668 0.3661, 0.5305 0.8191 0.3661, 0.5248 0.8259 0.3661, 0.4671 0.8113 0.3661, 0.5242 0.8264 0.3661, 0.5172 0.8313 0.3661, 0.471 0.8192 0.3661, 0.4654 0.8122 0.3661, 0.5344 0.811 0.3661, 0.4597 0.8143 0.3661, 0.4538 0.815 0.3661, 0.4512 0.8149 0.3661, 0.4766 0.8259 0.3661, 0.5093 0.8343 0.3661, 0.4833 0.8308 0.3661, 0.5008 0.8354 0.3661, 0.4915 0.8342 0.3661, 0.445 0.8134 0.3661, 0.4394 0.8104 0.3661, 0.4351 0.8066 0.3661, 0.5688 0.8005 0.3661, 0.5719 0.7929 0.3661, 0.5731 0.7847 0.3661, 0.7089 0.817 0.3661, 0.707 0.8134 0.3661, 0.6974 0.8412 0.3661, 0.6974 0.8402 0.3661, 0.7014 0.8385 0.3661, 0.7046 0.8363 0.3661, 0.7063 0.8346 0.3661, 0.7083 0.8314 0.3661, 0.7095 0.8279 0.3661, 0.7099 0.8237 0.3661, 0.7098 0.8211 0.3661, 0.6696 0.8412 0.3661, 0.6737 0.841 0.3661, 0.6696 0.841 0.3661, 0.6737 0.8369 0.3661, 0.6812 0.8056 0.3661, 0.6812 0.841 0.3661, 0.6913 0.841 0.3661, 0.6919 0.8409 0.3661, 0.6973 0.8402 0.3661, 0.6696 0.8053 0.3661, 0.6974 0.8053 0.3661, 0.6745 0.8056 0.3661, 0.7046 0.8106 0.3661, 0.7009 0.8079 0.3661, 0.6974 0.8066 0.3661, 0.6968 0.8064 0.3661, 0.6909 0.8056 0.3661, 0.6745 0.8097 0.3661, 0.7187 0.7537 0.3661, 0.7187 0.7496 0.3661, 0.7109 0.7493 0.3661, 0.7043 0.7655 0.3661, 0.7043 0.7537 0.3661, 0.7109 0.7655 0.3661, 0.7109 0.7537 0.3661, 0.7169 0.7655 0.3661, 0.7043 0.7802 0.3661, 0.7043 0.7696 0.3661, 0.7109 0.7802 0.3661, 0.7109 0.7696 0.3661, 0.7169 0.7696 0.3661, 0.7043 0.7809 0.3661, 0.7109 0.7809 0.3661, 0.7179 0.7809 0.3661, 0.7179 0.7849 0.3661, 0.7109 0.7849 0.3661, 0.6997 0.7849 0.3661, 0.7109 0.7496 0.3661, 0.6974 0.7493 0.3661, 0.695 0.7749 0.3661, 0.6601 0.8215 0.3661, 0.6601 0.8097 0.3661, 0.6696 0.8215 0.3661, 0.6696 0.8097 0.3661, 0.6727 0.8215 0.3661, 0.6727 0.8256 0.3661, 0.6696 0.8256 0.3661, 0.6696 0.8369 0.3661, 0.6601 0.8256 0.3661, 0.6601 0.8369 0.3661, 0.6555 0.841 0.3661, 0.6535 0.8412 0.3661, 0.6555 0.8056 0.3661, -0.8814 -0.8368 0.3661, -0.9842 -0.9843 0.3661, -0.8745 -0.8536 0.3661, -0.8634 -0.8679 0.3661, -0.8143 -0.8883 0.3661, -0.7963 -0.8859 0.3661, -0.8323 -0.8859 0.3661, -0.849 -0.879 0.3661, -0.7542 -0.8536 0.3661, -0.7472 -0.8368 0.3661, -0.7449 -0.8188 0.3661, -0.7652 -0.8679 0.3661, -0.7796 -0.879 0.3661, -0.8838 -0.8188 0.3661, -0.8814 -0.8008 0.3661, -0.9842 0.7354 0.3661, -0.8745 -0.7841 0.3661, -0.8634 -0.7697 0.3661, -0.849 -0.7587 0.3661, -0.8323 -0.7517 0.3661, -0.8143 -0.7494 0.3661, -0.7963 -0.7517 0.3661, -0.7796 -0.7587 0.3661, -0.7652 -0.7697 0.3661, -0.7542 -0.7841 0.3661, -0.7472 -0.8008 0.3661, 0.8861 0.7354 0.3661, 0.7551 -0.9843 0.3661, 0.7551 0.7354 0.3661, 0.7221 -0.9843 0.3661, 0.7221 0.7354 0.3661, 0.7109 -0.9843 0.3661, 0.7109 0.7354 0.3661, 0.6974 -0.9843 0.3661, 0.6696 -0.9843 0.3661, 0.6535 -0.9843 0.3661, 0.65 -0.9843 0.3661, 0.65 0.7354 0.3661, 0.647 -0.9843 0.3661, 0.6215 -0.9843 0.3661, 0.6208 -0.9843 0.3661, 0.6208 0.7354 0.3661, 0.6373 0.7499 0.3661, 0.8861 0.7493 0.3661, 0.6208 0.8053 0.3661, 0.6535 0.8053 0.3661, 0.6206 0.8097 0.3661, 0.6206 0.8056 0.3661, 0.602 0.8056 0.3661, 0.6065 0.841 0.3661, 0.6208 0.8412 0.3661, 0.602 0.841 0.3661, 0.6065 0.8097 0.3661, 0.6696 0.8056 0.3661, 0.7879 0.7496 0.3661, 0.7762 0.7802 0.3661, 0.8861 0.7802 0.3661, 0.8861 0.8053 0.3661, 0.8861 0.8412 0.3661, 0.9843 0.7493 0.3661, 0.9843 0.7802 0.3661, 0.9843 0.8053 0.3661, 0.9843 0.8412 0.3661, -0.9842 0.7493 0.3661, -0.9842 0.7802 0.3661, -0.9842 0.8053 0.3661, -0.9842 0.8412 0.3661, -0.9842 0.9842 0.3661, 0.6208 0.9842 0.3661, 0.9843 0.9842 0.3661, 0.8861 0.9842 0.3661, 0.7551 0.9842 0.3661, 0.7221 0.9842 0.3661, 0.7109 0.9842 0.3661, 0.6974 0.9842 0.3661, 0.6696 0.9842 0.3661, 0.6535 0.9842 0.3661, 0.65 0.9842 0.3661, -0.5374 -0.8721 0.0197, -0.5374 -0.9843 0.0197, -0.6437 -0.9843 0.0197, 0.7343 -0.9843 0.0197, 0.7343 -0.8721 0.0197, 0.9843 -0.9843 0.0197, 0.7327 -0.8603 0.0197, 0.7282 -0.8494 0.0197, -0.7342 0.9842 0.0197, -0.7342 0.872 0.0197, -0.9842 0.9842 0.0197, -0.7327 0.8603 0.0197, -0.7282 0.8494 0.0197, -0.8494 -0.5314 0.0197, -0.84 -0.5242 0.0197, -0.6299 -0.4921 0.0197, 0.8401 0.2632 0.0197, 0.6299 -0.6299 0.0197, 0.8329 0.2726 0.0197, 0.8283 0.2835 0.0197, -0.8283 -0.307 0.0197, -0.8328 -0.3179 0.0197, -0.84 -0.3273 0.0197, -0.8328 0.6663 0.0197, -0.8283 0.6772 0.0197, -0.6299 0.6299 0.0197, -0.4921 -0.6299 0.0197, -0.6437 -0.8721 0.0197, 0.8603 0.7327 0.0197, 0.9843 0.9842 0.0197, 0.8721 0.7342 0.0197, 0.9843 0.7342 0.0197, 0.6299 0.6299 0.0197, 0.8283 0.7007 0.0197, 0.8268 0.689 0.0197, 0.8283 0.6772 0.0197, 0.8329 0.6663 0.0197, 0.8401 0.6569 0.0197, 0.8401 0.0664 0.0197, 0.8329 0.0758 0.0197, 0.8283 0.0867 0.0197, -0.339 0.8603 0.0197, -0.3345 0.8494 0.0197, -0.4529 0.8494 0.0197, -0.8603 -0.5359 0.0197, -0.9842 -0.6437 0.0197, -0.872 -0.5374 0.0197, -0.9842 -0.5374 0.0197, -0.8283 -0.1102 0.0197, -0.8328 -0.1211 0.0197, -0.84 -0.1305 0.0197, -0.9842 -0.9843 0.0197, -0.9842 -0.7343 0.0197, -0.7342 -0.9843 0.0197, -0.872 -0.7343 0.0197, -0.6772 -0.8283 0.0197, -0.689 -0.8268 0.0197, -0.8283 -0.7007 0.0197, -0.7007 -0.8283 0.0197, -0.7116 -0.8329 0.0197, -0.8328 -0.6664 0.0197, -0.84 -0.657 0.0197, -0.8494 -0.6498 0.0197, -0.8603 -0.6453 0.0197, -0.4695 -0.8329 0.0197, -0.4804 -0.8283 0.0197, 0.8329 0.5147 0.0197, 0.8283 0.5038 0.0197, 0.8401 -0.1305 0.0197, 0.8329 -0.1211 0.0197, 0.8283 -0.1102 0.0197, -0.721 0.84 0.0197, -0.7116 0.8328 0.0197, -0.8328 -0.5148 0.0197, -0.8283 -0.5039 0.0197, -0.8268 -0.4921 0.0197, -0.8603 -0.339 0.0197, -0.84 -0.4601 0.0197, -0.8494 -0.4529 0.0197, -0.84 0.0664 0.0197, -0.8328 0.0758 0.0197, -0.84 0.721 0.0197, -0.8494 0.7282 0.0197, -0.8494 -0.7282 0.0197, -0.7282 -0.8494 0.0197, -0.7327 -0.8603 0.0197, -0.721 -0.8401 0.0197, -0.84 -0.721 0.0197, -0.8328 -0.7116 0.0197, -0.6452 -0.8603 0.0197, -0.6497 -0.8494 0.0197, -0.6569 -0.8401 0.0197, -0.872 -0.6437 0.0197, 0.339 -0.8603 0.0197, 0.3345 -0.8494 0.0197, 0.4529 -0.8494 0.0197, -0.339 -0.8603 0.0197, -0.4529 -0.8494 0.0197, -0.3345 -0.8494 0.0197, -0.3273 -0.8401 0.0197, 0.1211 -0.8329 0.0197, 0.2633 -0.8401 0.0197, 0.1305 -0.8401 0.0197, 0.1377 -0.8494 0.0197, -0.4601 -0.8401 0.0197, -0.4921 -0.8268 0.0197, -0.5038 -0.8283 0.0197, -0.5147 -0.8329 0.0197, 0.8494 0.7282 0.0197, 0.8401 0.721 0.0197, 0.8329 0.7116 0.0197, 0.8268 0.4921 0.0197, 0.8283 0.4804 0.0197, 0.8329 0.4695 0.0197, 0.8401 0.4601 0.0197, 0.8494 0.256 0.0197, 0.8603 0.1421 0.0197, 0.8494 0.1376 0.0197, 0.8401 0.1304 0.0197, 0.8401 -0.3273 0.0197, 0.8329 -0.3179 0.0197, 0.8283 -0.307 0.0197, 0.4529 0.8494 0.0197, 0.4601 0.84 0.0197, 0.4695 0.8328 0.0197, 0.4804 0.8283 0.0197, 0.6664 0.8328 0.0197, 0.657 0.84 0.0197, 0.6498 0.8494 0.0197, -0.8494 -0.3345 0.0197, -0.8328 -0.4695 0.0197, -0.8283 -0.4804 0.0197, -0.8283 0.2835 0.0197, -0.8268 0.2953 0.0197, -0.8283 0.307 0.0197, -0.8283 0.4804 0.0197, -0.8268 0.4921 0.0197, -0.8283 0.5038 0.0197, -0.8328 0.5147 0.0197, -0.84 0.5241 0.0197, -0.8268 0.689 0.0197, -0.8283 0.7007 0.0197, -0.8328 0.7116 0.0197, -0.8603 -0.7327 0.0197, -0.7342 -0.8721 0.0197, -0.8283 -0.6773 0.0197, -0.8268 -0.689 0.0197, -0.6663 -0.8329 0.0197, 0.6437 -0.8721 0.0197, 0.6437 -0.9843 0.0197, 0.5374 -0.9843 0.0197, 0.3179 -0.8329 0.0197, 0.3273 -0.8401 0.0197, -0.5241 -0.8401 0.0197, -0.5313 -0.8494 0.0197, -0.5358 -0.8603 0.0197, 0.8494 0.4529 0.0197, 0.8603 0.339 0.0197, 0.8494 0.3345 0.0197, 0.8401 0.3273 0.0197, 0.8721 0.25 0.0197, 0.9843 0.25 0.0197, 0.9843 0.1437 0.0197, 0.8329 0.121 0.0197, 0.8283 0.1101 0.0197, 0.8268 0.0984 0.0197, 0.8494 0.0592 0.0197, 0.8603 -0.0547 0.0197, 0.8494 -0.0592 0.0197, 0.8401 -0.0664 0.0197, 0.8268 -0.4921 0.0197, 0.8283 -0.5039 0.0197, 0.8329 -0.5148 0.0197, 0.8401 -0.5242 0.0197, -0.6437 0.872 0.0197, -0.6437 0.9842 0.0197, -0.5374 0.9842 0.0197, -0.3273 0.84 0.0197, -0.3179 0.8328 0.0197, -0.307 0.8283 0.0197, 0.2561 0.8494 0.0197, 0.2633 0.84 0.0197, 0.2727 0.8328 0.0197, 0.2836 0.8283 0.0197, -0.8603 -0.1422 0.0197, -0.8494 -0.1377 0.0197, -0.8494 -0.2561 0.0197, -0.84 -0.2633 0.0197, -0.8494 -0.0592 0.0197, -0.8603 0.0547 0.0197, -0.84 -0.0664 0.0197, -0.8494 0.0592 0.0197, -0.8283 0.0867 0.0197, -0.8268 0.0984 0.0197, -0.8283 0.1101 0.0197, -0.8603 0.2515 0.0197, -0.8494 0.256 0.0197, -0.84 0.2632 0.0197, -0.8328 0.2726 0.0197, -0.8328 0.4695 0.0197, -0.84 0.4601 0.0197, -0.8328 0.3179 0.0197, -0.84 0.3273 0.0197, -0.8494 0.3345 0.0197, -0.8494 0.4529 0.0197, -0.8603 0.4484 0.0197, -0.8603 0.7327 0.0197, -0.872 0.7342 0.0197, -0.9842 0.7342 0.0197, 0.657 -0.8401 0.0197, 0.6498 -0.8494 0.0197, 0.5314 -0.8494 0.0197, 0.6453 -0.8603 0.0197, 0.5359 -0.8603 0.0197, 0.5374 -0.8721 0.0197, 0.721 -0.8401 0.0197, 0.7116 -0.8329 0.0197, 0.8721 0.6437 0.0197, 0.9843 0.6437 0.0197, 0.9843 0.5374 0.0197, 0.8494 0.6497 0.0197, 0.8603 0.5358 0.0197, 0.8494 0.5313 0.0197, 0.8401 0.5241 0.0197, 0.8721 0.4468 0.0197, 0.9843 0.4468 0.0197, 0.9843 0.3405 0.0197, 0.8329 0.3179 0.0197, 0.8283 0.307 0.0197, 0.8268 0.2953 0.0197, 0.8603 0.2515 0.0197, 0.8721 0.1437 0.0197, 0.8721 0.0531 0.0197, 0.9843 0.0531 0.0197, 0.9843 -0.0532 0.0197, 0.8329 -0.0758 0.0197, 0.8283 -0.0867 0.0197, 0.8268 -0.0984 0.0197, 0.8494 -0.1377 0.0197, 0.8603 -0.2516 0.0197, 0.8494 -0.2561 0.0197, 0.8401 -0.2633 0.0197, 0.8329 -0.6664 0.0197, 0.8283 -0.6773 0.0197, 0.8401 -0.721 0.0197, 0.8494 -0.7282 0.0197, 0.8603 -0.7327 0.0197, 0.8721 -0.7343 0.0197, 0.9843 -0.7343 0.0197, -0.6569 0.84 0.0197, -0.6497 0.8494 0.0197, -0.5313 0.8494 0.0197, -0.6452 0.8603 0.0197, -0.5358 0.8603 0.0197, -0.5374 0.872 0.0197, 0.339 0.8603 0.0197, 0.3345 0.8494 0.0197, 0.3273 0.84 0.0197, 0.6773 0.8283 0.0197, 0.689 0.8268 0.0197, 0.7007 0.8283 0.0197, 0.7282 0.8494 0.0197, 0.721 0.84 0.0197, 0.7116 0.8328 0.0197, -0.872 -0.4469 0.0197, -0.9842 -0.4469 0.0197, -0.9842 -0.3406 0.0197, -0.8268 -0.2953 0.0197, -0.8283 -0.2836 0.0197, -0.8328 -0.2727 0.0197, -0.8268 -0.0984 0.0197, -0.8283 -0.0867 0.0197, -0.8328 -0.0758 0.0197, -0.8328 0.121 0.0197, -0.84 0.1304 0.0197, -0.8494 0.1376 0.0197, -0.8494 0.5313 0.0197, -0.8603 0.6452 0.0197, -0.8494 0.6497 0.0197, -0.84 0.6569 0.0197, -0.256 -0.8494 0.0197, -0.2632 -0.8401 0.0197, -0.2726 -0.8329 0.0197, -0.2835 -0.8283 0.0197, -0.3405 -0.9843 0.0197, -0.4468 -0.9843 0.0197, -0.3405 -0.8721 0.0197, -0.4468 -0.8721 0.0197, -0.4484 -0.8603 0.0197, 0.25 -0.8721 0.0197, 0.25 -0.9843 0.0197, 0.1437 -0.9843 0.0197, 0.8603 0.6452 0.0197, 0.8721 0.5374 0.0197, 0.8603 0.4484 0.0197, 0.8721 0.3405 0.0197, 0.8603 0.0547 0.0197, 0.8721 -0.0532 0.0197, 0.8721 -0.1437 0.0197, 0.9843 -0.1437 0.0197, 0.9843 -0.25 0.0197, 0.8494 -0.4529 0.0197, 0.8603 -0.4484 0.0197, 0.8494 -0.3345 0.0197, 0.8401 -0.4601 0.0197, 0.8329 -0.4695 0.0197, 0.8283 -0.4804 0.0197, 0.8268 -0.689 0.0197, 0.8283 -0.7007 0.0197, 0.8329 -0.7116 0.0197, -0.7007 0.8283 0.0197, -0.689 0.8268 0.0197, -0.6772 0.8283 0.0197, -0.4921 0.8268 0.0197, -0.5038 0.8283 0.0197, -0.5147 0.8328 0.0197, -0.1376 0.8494 0.0197, -0.1304 0.84 0.0197, -0.121 0.8328 0.0197, -0.1101 0.8283 0.0197, 0.2953 0.8268 0.0197, 0.307 0.8283 0.0197, 0.3179 0.8328 0.0197, 0.4921 0.8268 0.0197, 0.5039 0.8283 0.0197, 0.5148 0.8328 0.0197, 0.5242 0.84 0.0197, 0.7327 0.8603 0.0197, 0.7343 0.872 0.0197, 0.7343 0.9842 0.0197, -0.8603 -0.4484 0.0197, -0.872 -0.3406 0.0197, -0.872 -0.25 0.0197, -0.9842 -0.25 0.0197, -0.9842 -0.1437 0.0197, -0.872 0.3405 0.0197, -0.9842 0.3405 0.0197, -0.9842 0.4468 0.0197, 0.4921 -0.8268 0.0197, 0.5039 -0.8283 0.0197, 0.5148 -0.8329 0.0197, 0.1102 -0.8283 0.0197, 0.0984 -0.8268 0.0197, 0.2727 -0.8329 0.0197, 0.2836 -0.8283 0.0197, -0.2953 -0.8268 0.0197, -0.307 -0.8283 0.0197, -0.3179 -0.8329 0.0197, 0.2561 -0.8494 0.0197, 0.2516 -0.8603 0.0197, 0.1422 -0.8603 0.0197, 0.1437 -0.8721 0.0197, 0.8603 -0.1422 0.0197, 0.8721 -0.25 0.0197, 0.8329 -0.2727 0.0197, 0.8283 -0.2836 0.0197, 0.8268 -0.2953 0.0197, 0.8721 -0.3406 0.0197, 0.9843 -0.3406 0.0197, 0.9843 -0.4469 0.0197, -0.5241 0.84 0.0197, -0.6663 0.8328 0.0197, -0.2953 0.8268 0.0197, -0.2835 0.8283 0.0197, -0.2726 0.8328 0.0197, -0.2632 0.84 0.0197, -0.8603 -0.2516 0.0197, -0.872 -0.1437 0.0197, -0.872 -0.0532 0.0197, -0.9842 -0.0532 0.0197, -0.9842 0.0531 0.0197, -0.8603 0.339 0.0197, -0.872 0.4468 0.0197, -0.872 0.5374 0.0197, -0.9842 0.5374 0.0197, -0.9842 0.6437 0.0197, 0.7007 -0.8283 0.0197, 0.689 -0.8268 0.0197, 0.6773 -0.8283 0.0197, -0.0592 -0.8494 0.0197, -0.0664 -0.8401 0.0197, -0.0758 -0.8329 0.0197, -0.0867 -0.8283 0.0197, 0.8603 -0.339 0.0197, 0.8721 -0.4469 0.0197, 0.8721 -0.5374 0.0197, 0.9843 -0.5374 0.0197, 0.9843 -0.6437 0.0197, 0.8494 -0.5314 0.0197, 0.8603 -0.6453 0.0197, 0.8494 -0.6498 0.0197, 0.8401 -0.657 0.0197, -0.25 0.872 0.0197, -0.25 0.9842 0.0197, -0.1437 0.9842 0.0197, -0.0984 0.8268 0.0197, -0.0867 0.8283 0.0197, 0.0592 0.8494 0.0197, -0.0758 0.8328 0.0197, -0.0664 0.84 0.0197, 0.0664 0.84 0.0197, 0.0758 0.8328 0.0197, 0.0867 0.8283 0.0197, 0.3406 0.9842 0.0197, 0.4469 0.9842 0.0197, 0.3406 0.872 0.0197, 0.4469 0.872 0.0197, 0.4484 0.8603 0.0197, 0.5374 0.872 0.0197, 0.5374 0.9842 0.0197, 0.6437 0.9842 0.0197, -0.8603 -0.0547 0.0197, -0.872 0.0531 0.0197, -0.872 0.1437 0.0197, -0.9842 0.1437 0.0197, -0.9842 0.25 0.0197, -0.8603 0.5358 0.0197, -0.872 0.6437 0.0197, 0.5242 -0.8401 0.0197, 0.6664 -0.8329 0.0197, 0.4804 -0.8283 0.0197, 0.4695 -0.8329 0.0197, 0.4601 -0.8401 0.0197, -0.0984 -0.8268 0.0197, -0.1101 -0.8283 0.0197, -0.121 -0.8329 0.0197, -0.1304 -0.8401 0.0197, 0.8603 -0.5359 0.0197, 0.8721 -0.6437 0.0197, -0.4804 0.8283 0.0197, -0.4695 0.8328 0.0197, -0.4601 0.84 0.0197, -0.256 0.8494 0.0197, -0.2515 0.8603 0.0197, -0.1421 0.8603 0.0197, -0.1437 0.872 0.0197, 0.5314 0.8494 0.0197, 0.5359 0.8603 0.0197, 0.6453 0.8603 0.0197, 0.6437 0.872 0.0197, -0.8603 0.1421 0.0197, -0.872 0.25 0.0197, 0.0984 0.8268 0.0197, 0.1102 0.8283 0.0197, 0.1211 0.8328 0.0197, 0.1305 0.84 0.0197, 0.4469 -0.8721 0.0197, 0.4469 -0.9843 0.0197, 0.3406 -0.9843 0.0197, 0.307 -0.8283 0.0197, 0.2953 -0.8268 0.0197, 0.0867 -0.8283 0.0197, 0.0758 -0.8329 0.0197, 0.0664 -0.8401 0.0197, 0.0532 -0.8721 0.0197, 0.0532 -0.9843 0.0197, -0.0531 -0.9843 0.0197, -0.4468 0.872 0.0197, -0.4468 0.9842 0.0197, -0.3405 0.9842 0.0197, -0.0531 0.872 0.0197, -0.0531 0.9842 0.0197, 0.0532 0.9842 0.0197, 0.1437 0.872 0.0197, 0.1437 0.9842 0.0197, 0.25 0.9842 0.0197, 0.4484 -0.8603 0.0197, 0.3406 -0.8721 0.0197, 0.0592 -0.8494 0.0197, 0.0547 -0.8603 0.0197, -0.0547 -0.8603 0.0197, -0.0531 -0.8721 0.0197, -0.1437 -0.8721 0.0197, -0.1437 -0.9843 0.0197, -0.25 -0.9843 0.0197, -0.4484 0.8603 0.0197, -0.3405 0.872 0.0197, -0.0592 0.8494 0.0197, -0.0547 0.8603 0.0197, 0.0547 0.8603 0.0197, 0.0532 0.872 0.0197, 0.1377 0.8494 0.0197, 0.1422 0.8603 0.0197, 0.2516 0.8603 0.0197, 0.25 0.872 0.0197, -0.1376 -0.8494 0.0197, -0.1421 -0.8603 0.0197, -0.2515 -0.8603 0.0197, -0.25 -0.8721 0.0197, 0.9843 -0.3406 0.0799, 0.9843 -0.25 0.0799, 0.9843 0.0531 0.0799, 0.9843 0.1437 0.0799, 0.9843 -0.7343 0.0799, 0.9843 -0.6437 0.0799, 0.9843 -0.4469 0.0799, 0.9843 -0.0532 0.0799, 0.9843 -0.5374 0.0799, 0.9843 -0.1437 0.0799, 0.9843 0.4468 0.0799, 0.9843 0.5374 0.0799, 0.9843 0.3405 0.0799, 0.9843 0.25 0.0799, 0.9843 0.7342 0.0799, 0.9843 0.6437 0.0799, -0.3405 0.9842 0.0799, 0.0532 0.9842 0.0799, -0.4468 0.9842 0.0799, -0.5374 0.9842 0.0799, 0.7343 0.9842 0.0799, 0.6437 0.9842 0.0799, -0.1437 0.9842 0.0799, -0.25 0.9842 0.0799, -0.7342 0.9842 0.0799, -0.6437 0.9842 0.0799, 0.5374 0.9842 0.0799, 0.4469 0.9842 0.0799, 0.3406 0.9842 0.0799, 0.25 0.9842 0.0799, -0.0531 0.9842 0.0799, 0.1437 0.9842 0.0799, -0.9842 0.3405 0.0799, -0.9842 0.25 0.0799, -0.9842 0.7342 0.0799, -0.9842 0.6437 0.0799, -0.9842 0.4468 0.0799, -0.9842 -0.4469 0.0799, -0.9842 -0.5374 0.0799, -0.9842 0.5374 0.0799, -0.9842 -0.0532 0.0799, -0.9842 -0.1437 0.0799, -0.9842 -0.3406 0.0799, -0.9842 0.0531 0.0799, -0.9842 0.1437 0.0799, -0.9842 -0.25 0.0799, -0.9842 -0.7343 0.0799, -0.9842 -0.6437 0.0799, -0.7342 -0.9843 0.0799, -0.6437 -0.9843 0.0799, -0.5374 -0.9843 0.0799, -0.4468 -0.9843 0.0799, 0.3406 -0.9843 0.0799, -0.3405 -0.9843 0.0799, -0.25 -0.9843 0.0799, 0.5374 -0.9843 0.0799, 0.6437 -0.9843 0.0799, -0.1437 -0.9843 0.0799, -0.0531 -0.9843 0.0799, 0.0532 -0.9843 0.0799, 0.1437 -0.9843 0.0799, 0.4469 -0.9843 0.0799, 0.25 -0.9843 0.0799, 0.7343 -0.9843 0.0799
            ]
        }
        coordIndex [
            0,1,2,-1,3,4,5,-1,6,7,8,-1,9,10,11,-1,12,13,14,-1,15,16,17,-1,18,19,17,-1,17,19,20,-1,17,20,15,-1,16,15,21,-1,21,15,22,-1,21,22,23,-1,19,24,20,-1,20,24,25,-1,20,25,26,-1,26,25,27,-1,26,27,28,-1,28,27,29,-1,28,29,23,-1,23,29,30,-1,23,30,21,-1,31,32,33,-1,34,35,36,-1,36,35,37,-1,38,39,33,-1,31,33,40,-1,40,33,39,-1,40,39,41,-1,42,43,44,-1,45,46,47,-1,47,46,48,-1,47,48,44,-1,44,48,49,-1,44,49,42,-1,32,36,33,-1,33,36,37,-1,33,37,50,-1,50,37,51,-1,43,42,52,-1,52,42,53,-1,52,53,51,-1,15,54,55,-1,54,15,56,-1,56,15,57,-1,56,57,58,-1,58,57,59,-1,58,59,60,-1,61,62,63,-1,64,65,66,-1,66,65,67,-1,66,67,68,-1,69,70,67,-1,67,70,71,-1,67,71,72,-1,73,74,67,-1,67,74,75,-1,67,75,68,-1,76,77,78,-1,79,80,66,-1,66,80,81,-1,66,81,64,-1,72,82,67,-1,67,82,83,-1,67,83,73,-1,76,78,66,-1,66,78,84,-1,66,84,79,-1,85,86,87,-1,87,86,88,-1,87,88,67,-1,67,88,89,-1,67,89,69,-1,90,91,92,-1,92,91,93,-1,92,93,94,-1,94,93,95,-1,96,97,98,-1,98,97,99,-1,98,99,100,-1,101,102,103,-1,104,105,106,-1,107,103,108,-1,108,103,109,-1,107,110,103,-1,103,110,111,-1,103,111,101,-1,112,113,106,-1,106,113,114,-1,106,114,104,-1,115,116,106,-1,106,116,117,-1,106,117,112,-1,118,50,119,-1,119,50,120,-1,119,120,121,-1,87,122,85,-1,85,122,123,-1,85,123,124,-1,124,123,125,-1,124,125,126,-1,5,127,128,-1,128,127,129,-1,130,131,132,-1,132,133,130,-1,130,133,134,-1,130,134,128,-1,128,134,135,-1,128,135,5,-1,136,137,14,-1,14,137,138,-1,14,138,139,-1,140,141,142,-1,142,141,143,-1,140,144,141,-1,141,144,145,-1,141,145,146,-1,147,148,143,-1,143,148,149,-1,143,149,150,-1,150,151,143,-1,143,151,152,-1,143,152,142,-1,153,154,14,-1,14,154,155,-1,155,156,14,-1,14,156,157,-1,14,157,136,-1,158,159,57,-1,160,161,59,-1,59,161,162,-1,59,162,163,-1,163,164,59,-1,59,164,165,-1,59,165,166,-1,159,167,57,-1,57,167,168,-1,57,168,59,-1,59,168,169,-1,59,169,160,-1,170,171,172,-1,172,171,173,-1,172,173,20,-1,20,173,174,-1,20,174,15,-1,15,174,175,-1,15,175,176,-1,176,177,15,-1,15,177,178,-1,15,178,57,-1,57,178,179,-1,57,179,158,-1,139,129,14,-1,14,129,127,-1,14,127,180,-1,180,127,181,-1,182,183,184,-1,184,183,185,-1,186,187,14,-1,14,187,188,-1,182,189,183,-1,183,189,190,-1,183,190,127,-1,127,190,191,-1,127,191,181,-1,192,193,180,-1,180,193,194,-1,180,194,14,-1,14,194,195,-1,14,195,186,-1,188,196,14,-1,14,196,197,-1,14,197,12,-1,198,199,200,-1,200,199,201,-1,200,201,202,-1,200,203,198,-1,198,203,204,-1,198,204,205,-1,205,206,198,-1,198,206,207,-1,198,207,208,-1,208,207,209,-1,208,209,210,-1,210,209,211,-1,210,211,180,-1,180,211,212,-1,180,212,192,-1,213,214,202,-1,202,214,215,-1,202,215,200,-1,185,183,216,-1,216,183,217,-1,216,217,218,-1,219,220,221,-1,222,223,224,-1,223,225,224,-1,224,225,226,-1,224,226,217,-1,217,226,227,-1,217,227,218,-1,219,221,224,-1,224,221,228,-1,224,228,222,-1,229,230,220,-1,220,230,231,-1,220,231,221,-1,229,232,230,-1,230,232,233,-1,230,233,234,-1,234,233,235,-1,234,236,237,-1,235,238,234,-1,234,238,239,-1,234,239,240,-1,240,241,234,-1,234,241,242,-1,234,242,236,-1,237,243,234,-1,234,243,244,-1,234,244,245,-1,246,247,248,-1,248,247,249,-1,248,249,250,-1,250,249,251,-1,252,253,13,-1,13,253,141,-1,13,141,14,-1,14,141,146,-1,14,146,153,-1,51,53,50,-1,50,53,254,-1,50,254,255,-1,256,257,258,-1,258,257,259,-1,260,53,261,-1,261,53,262,-1,53,263,264,-1,265,266,267,-1,260,268,53,-1,53,268,269,-1,53,269,263,-1,270,271,254,-1,254,271,272,-1,254,272,273,-1,273,272,267,-1,273,267,274,-1,274,267,266,-1,264,275,53,-1,53,275,276,-1,53,276,254,-1,254,276,277,-1,254,277,270,-1,278,279,259,-1,259,279,280,-1,259,280,281,-1,282,283,120,-1,120,283,284,-1,285,286,267,-1,267,286,287,-1,267,287,288,-1,284,289,120,-1,120,289,290,-1,120,290,291,-1,255,292,50,-1,50,292,293,-1,50,293,120,-1,120,293,294,-1,120,294,282,-1,288,295,267,-1,267,295,296,-1,267,296,265,-1,297,298,299,-1,299,298,300,-1,299,300,301,-1,302,46,303,-1,303,46,304,-1,303,304,305,-1,306,307,304,-1,304,307,308,-1,304,308,309,-1,309,310,304,-1,304,310,311,-1,304,311,305,-1,312,313,314,-1,314,313,315,-1,315,313,316,-1,316,313,317,-1,316,317,318,-1,318,317,319,-1,318,319,320,-1,11,10,319,-1,319,10,321,-1,319,321,322,-1,319,323,320,-1,320,323,324,-1,320,324,325,-1,325,324,326,-1,325,326,327,-1,322,328,319,-1,319,328,329,-1,319,329,323,-1,330,331,11,-1,11,331,332,-1,11,332,9,-1,333,334,335,-1,333,335,336,-1,334,337,335,-1,335,337,338,-1,335,338,330,-1,330,338,339,-1,330,339,331,-1,340,336,341,-1,341,336,335,-1,341,335,342,-1,342,335,343,-1,344,345,346,-1,346,345,347,-1,346,347,348,-1,344,349,345,-1,345,349,350,-1,345,350,351,-1,351,350,352,-1,351,352,335,-1,335,352,353,-1,335,353,343,-1,354,355,356,-1,355,357,356,-1,356,357,358,-1,356,358,359,-1,48,360,361,-1,362,363,364,-1,362,364,365,-1,363,366,364,-1,364,366,367,-1,364,367,368,-1,48,361,49,-1,49,361,369,-1,49,369,370,-1,370,371,49,-1,49,371,372,-1,49,372,373,-1,374,375,376,-1,376,375,377,-1,376,377,364,-1,364,377,378,-1,364,378,365,-1,364,379,380,-1,381,382,354,-1,382,383,354,-1,354,383,384,-1,354,384,385,-1,385,386,354,-1,354,386,387,-1,354,387,388,-1,388,387,374,-1,388,374,389,-1,389,374,376,-1,368,390,364,-1,364,390,391,-1,364,391,392,-1,392,393,364,-1,364,393,394,-1,364,394,379,-1,395,396,397,-1,395,397,398,-1,380,399,364,-1,364,399,400,-1,364,400,401,-1,401,400,402,-1,401,402,403,-1,404,405,406,-1,406,405,407,-1,406,407,408,-1,409,410,411,-1,411,410,406,-1,411,406,412,-1,412,406,408,-1,401,413,414,-1,403,415,401,-1,401,415,416,-1,401,416,413,-1,417,418,419,-1,419,418,401,-1,419,401,420,-1,420,401,414,-1,417,397,418,-1,418,397,396,-1,418,396,8,-1,8,396,421,-1,8,421,6,-1,422,423,409,-1,409,423,424,-1,409,424,410,-1,422,425,423,-1,423,425,426,-1,423,426,427,-1,428,429,430,-1,429,431,430,-1,430,431,432,-1,430,432,433,-1,405,430,434,-1,404,398,405,-1,405,398,397,-1,405,397,430,-1,430,397,435,-1,430,435,428,-1,434,436,405,-1,405,436,437,-1,405,437,438,-1,433,432,439,-1,439,432,440,-1,439,440,441,-1,441,440,442,-1,441,442,443,-1,444,445,438,-1,438,445,446,-1,438,446,405,-1,302,447,46,-1,46,447,448,-1,46,448,48,-1,48,448,449,-1,48,449,360,-1,450,451,26,-1,452,453,28,-1,28,453,454,-1,454,455,28,-1,28,455,456,-1,28,456,457,-1,457,458,28,-1,28,458,459,-1,28,459,26,-1,26,459,460,-1,26,460,450,-1,452,461,462,-1,462,461,463,-1,464,465,466,-1,467,468,452,-1,452,468,469,-1,452,469,453,-1,467,452,466,-1,466,452,462,-1,466,462,464,-1,470,471,472,-1,451,473,26,-1,26,473,474,-1,26,474,471,-1,471,474,475,-1,471,475,476,-1,476,477,471,-1,471,477,465,-1,471,465,472,-1,472,465,478,-1,479,480,166,-1,166,480,481,-1,482,483,484,-1,484,483,485,-1,484,485,486,-1,486,485,479,-1,486,479,172,-1,172,479,166,-1,172,166,170,-1,170,166,165,-1,487,488,489,-1,489,488,490,-1,489,490,172,-1,172,490,491,-1,172,491,486,-1,492,487,493,-1,493,487,489,-1,493,489,494,-1,494,489,172,-1,494,172,495,-1,495,172,20,-1,495,20,496,-1,496,20,26,-1,496,26,497,-1,497,26,471,-1,480,498,481,-1,481,498,3,-1,481,3,499,-1,499,3,5,-1,499,5,500,-1,500,5,135,-1,501,502,503,-1,503,502,504,-1,503,504,505,-1,504,478,505,-1,505,478,465,-1,505,465,506,-1,506,465,464,-1,506,464,507,-1,507,464,508,-1,507,508,509,-1,509,508,510,-1,463,461,511,-1,511,461,512,-1,511,512,513,-1,514,515,516,-1,516,515,517,-1,518,515,519,-1,519,515,345,-1,518,520,515,-1,515,520,521,-1,515,521,517,-1,522,345,523,-1,523,345,524,-1,522,525,345,-1,345,525,526,-1,345,526,519,-1,514,527,515,-1,515,527,528,-1,515,528,529,-1,529,528,530,-1,529,530,531,-1,531,532,529,-1,529,532,533,-1,529,533,534,-1,534,535,351,-1,351,535,536,-1,536,537,351,-1,351,537,538,-1,351,538,345,-1,345,538,539,-1,345,539,524,-1,0,540,541,-1,541,540,542,-1,541,542,543,-1,543,542,544,-1,543,544,545,-1,545,544,546,-1,545,546,547,-1,547,546,143,-1,547,143,548,-1,548,143,141,-1,548,141,549,-1,549,141,253,-1,549,253,550,-1,550,253,551,-1,550,551,552,-1,552,551,300,-1,552,300,553,-1,553,300,298,-1,553,298,554,-1,554,298,555,-1,554,555,347,-1,347,555,356,-1,347,356,348,-1,348,356,359,-1,297,262,298,-1,298,262,53,-1,298,53,555,-1,555,53,42,-1,555,42,356,-1,356,42,49,-1,356,49,354,-1,354,49,373,-1,354,373,381,-1,252,251,253,-1,253,251,249,-1,253,249,551,-1,551,249,247,-1,551,247,300,-1,300,247,258,-1,300,258,301,-1,301,258,259,-1,301,259,556,-1,556,259,281,-1,540,557,542,-1,542,557,59,-1,542,59,544,-1,544,59,166,-1,544,166,546,-1,546,166,481,-1,546,481,143,-1,143,481,499,-1,143,499,147,-1,147,499,500,-1,246,224,247,-1,247,224,217,-1,247,217,258,-1,258,217,120,-1,258,120,256,-1,256,120,291,-1,118,109,50,-1,50,109,103,-1,50,103,33,-1,33,103,558,-1,33,558,38,-1,4,497,5,-1,5,497,471,-1,5,471,127,-1,127,471,470,-1,127,470,183,-1,183,470,559,-1,183,559,217,-1,217,559,85,-1,217,85,120,-1,120,85,124,-1,120,124,121,-1,121,124,126,-1,560,561,558,-1,558,561,562,-1,563,564,565,-1,565,564,304,-1,565,304,562,-1,562,304,46,-1,562,46,558,-1,558,46,45,-1,558,45,38,-1,102,115,103,-1,103,115,106,-1,103,106,558,-1,558,106,564,-1,558,564,560,-1,560,564,563,-1,560,563,566,-1,472,567,470,-1,470,567,513,-1,470,513,559,-1,559,513,512,-1,559,512,85,-1,85,512,91,-1,85,91,86,-1,86,91,90,-1,63,60,61,-1,61,60,59,-1,61,59,568,-1,568,59,557,-1,568,557,569,-1,569,557,570,-1,569,570,55,-1,55,570,571,-1,55,571,15,-1,15,571,572,-1,15,572,22,-1,0,2,540,-1,540,2,573,-1,540,573,557,-1,557,573,574,-1,557,574,570,-1,570,574,575,-1,570,575,571,-1,571,575,576,-1,571,576,572,-1,534,351,529,-1,529,351,335,-1,529,335,577,-1,577,335,330,-1,577,330,578,-1,578,330,11,-1,578,11,579,-1,579,11,319,-1,579,319,580,-1,580,319,317,-1,580,317,581,-1,105,100,106,-1,106,100,99,-1,106,99,564,-1,564,99,582,-1,564,582,304,-1,304,582,313,-1,304,313,306,-1,306,313,312,-1,576,583,572,-1,572,583,584,-1,572,584,22,-1,22,584,585,-1,22,585,23,-1,23,585,586,-1,23,586,28,-1,28,586,587,-1,28,587,452,-1,452,587,588,-1,452,588,461,-1,461,588,589,-1,461,589,512,-1,512,589,590,-1,512,590,91,-1,91,590,591,-1,91,591,93,-1,93,591,97,-1,93,97,95,-1,95,97,96,-1,592,593,594,-1,595,596,597,-1,597,596,598,-1,597,598,599,-1,600,601,602,-1,602,601,603,-1,602,603,604,-1,605,606,607,-1,608,609,610,-1,610,609,611,-1,612,607,613,-1,613,607,614,-1,615,616,617,-1,618,594,619,-1,620,621,622,-1,622,621,623,-1,624,625,626,-1,626,627,624,-1,624,627,628,-1,624,628,629,-1,630,609,631,-1,631,609,632,-1,633,634,635,-1,636,637,638,-1,638,637,639,-1,640,607,641,-1,641,607,642,-1,643,644,645,-1,645,644,646,-1,647,648,649,-1,649,648,650,-1,649,650,651,-1,652,653,607,-1,607,653,654,-1,607,654,655,-1,618,656,657,-1,658,659,624,-1,660,609,661,-1,661,609,662,-1,663,664,617,-1,606,665,607,-1,607,665,666,-1,607,666,667,-1,668,669,670,-1,607,671,672,-1,673,674,602,-1,675,676,677,-1,676,675,678,-1,678,675,679,-1,678,679,651,-1,651,679,680,-1,651,680,649,-1,619,681,618,-1,618,681,682,-1,618,682,683,-1,636,605,637,-1,637,605,607,-1,637,607,684,-1,684,607,655,-1,685,686,687,-1,688,689,690,-1,690,689,691,-1,692,693,694,-1,694,693,695,-1,656,618,696,-1,696,618,609,-1,696,609,689,-1,657,697,618,-1,618,697,698,-1,618,698,699,-1,620,700,621,-1,621,700,701,-1,621,701,624,-1,624,701,702,-1,624,702,625,-1,659,703,624,-1,624,703,704,-1,624,704,609,-1,609,704,705,-1,609,705,706,-1,707,708,608,-1,608,708,709,-1,608,709,710,-1,711,609,712,-1,712,609,713,-1,714,715,617,-1,617,715,716,-1,617,716,717,-1,718,624,719,-1,719,624,617,-1,719,617,720,-1,668,721,669,-1,669,721,614,-1,669,614,722,-1,722,614,607,-1,722,607,723,-1,723,607,667,-1,724,725,607,-1,607,725,726,-1,617,727,728,-1,728,729,617,-1,617,729,730,-1,617,730,731,-1,616,732,617,-1,617,732,733,-1,617,733,734,-1,646,735,645,-1,645,735,675,-1,645,675,736,-1,736,675,677,-1,652,607,737,-1,737,607,618,-1,737,618,738,-1,738,618,683,-1,738,683,649,-1,649,683,739,-1,649,739,647,-1,740,741,742,-1,743,609,744,-1,744,609,686,-1,699,745,618,-1,618,745,746,-1,618,746,594,-1,594,746,747,-1,594,747,592,-1,748,749,706,-1,706,749,750,-1,706,750,751,-1,752,753,754,-1,710,755,608,-1,608,755,756,-1,608,756,609,-1,609,756,757,-1,609,757,632,-1,758,759,630,-1,630,759,760,-1,630,760,761,-1,762,763,609,-1,609,763,764,-1,609,764,765,-1,766,767,768,-1,734,673,617,-1,617,673,602,-1,617,602,663,-1,663,602,604,-1,634,769,617,-1,617,769,770,-1,617,770,771,-1,772,773,617,-1,617,773,774,-1,617,774,775,-1,776,777,778,-1,778,777,642,-1,778,642,779,-1,780,781,782,-1,782,781,783,-1,782,783,671,-1,672,784,607,-1,607,784,785,-1,607,785,786,-1,787,788,786,-1,786,788,789,-1,786,789,607,-1,607,789,790,-1,607,790,724,-1,727,617,791,-1,791,617,607,-1,791,607,792,-1,792,607,726,-1,792,726,793,-1,793,794,792,-1,792,794,795,-1,792,795,796,-1,796,795,797,-1,674,798,602,-1,602,798,799,-1,602,799,800,-1,801,802,803,-1,803,802,804,-1,803,804,805,-1,805,804,740,-1,805,740,806,-1,806,740,742,-1,807,808,609,-1,809,810,811,-1,812,813,629,-1,629,813,814,-1,629,814,624,-1,624,814,815,-1,624,815,658,-1,816,817,818,-1,751,819,706,-1,706,819,820,-1,706,820,609,-1,609,820,821,-1,609,821,611,-1,707,822,708,-1,708,822,752,-1,708,752,823,-1,823,752,754,-1,824,825,826,-1,761,827,630,-1,630,827,828,-1,630,828,609,-1,609,828,829,-1,609,829,662,-1,830,831,660,-1,660,831,832,-1,660,832,833,-1,834,835,609,-1,836,837,597,-1,837,838,597,-1,597,838,839,-1,597,839,840,-1,841,842,843,-1,843,842,844,-1,843,844,845,-1,845,844,766,-1,845,766,846,-1,846,766,768,-1,847,714,848,-1,848,714,849,-1,718,850,624,-1,624,850,851,-1,624,851,852,-1,853,621,854,-1,854,621,624,-1,854,624,855,-1,855,624,852,-1,856,857,858,-1,612,859,607,-1,607,859,860,-1,607,860,642,-1,642,860,861,-1,642,861,779,-1,640,862,607,-1,607,862,863,-1,607,863,671,-1,671,863,864,-1,671,864,782,-1,786,865,787,-1,787,865,866,-1,787,866,867,-1,868,869,731,-1,731,869,870,-1,731,870,617,-1,617,870,871,-1,617,871,615,-1,872,873,609,-1,609,873,874,-1,609,874,875,-1,876,877,878,-1,878,877,879,-1,878,879,688,-1,688,879,880,-1,688,880,689,-1,881,882,883,-1,812,884,813,-1,813,884,809,-1,813,809,885,-1,885,809,811,-1,748,886,749,-1,749,886,816,-1,749,816,887,-1,887,816,818,-1,758,888,759,-1,759,888,824,-1,759,824,889,-1,889,824,826,-1,890,891,892,-1,893,711,894,-1,894,711,895,-1,893,896,711,-1,711,896,897,-1,711,897,609,-1,609,897,898,-1,609,898,762,-1,835,899,609,-1,609,899,900,-1,609,900,901,-1,664,902,617,-1,617,902,903,-1,617,903,904,-1,905,617,906,-1,906,617,907,-1,908,909,617,-1,617,909,910,-1,617,910,911,-1,775,912,617,-1,617,912,913,-1,617,913,714,-1,714,913,914,-1,714,914,849,-1,717,915,617,-1,617,915,916,-1,617,916,720,-1,720,916,917,-1,720,917,918,-1,853,919,621,-1,621,919,920,-1,621,920,921,-1,670,922,668,-1,668,922,856,-1,668,856,923,-1,923,856,858,-1,924,925,926,-1,927,928,929,-1,901,836,609,-1,609,836,597,-1,609,597,807,-1,807,597,599,-1,930,609,931,-1,931,609,932,-1,692,933,693,-1,693,933,934,-1,693,934,935,-1,935,934,936,-1,875,937,609,-1,609,937,938,-1,609,938,689,-1,689,938,939,-1,689,939,691,-1,693,940,695,-1,695,940,941,-1,695,941,942,-1,942,941,881,-1,942,881,943,-1,943,881,883,-1,830,944,831,-1,831,944,890,-1,831,890,945,-1,945,890,892,-1,833,946,660,-1,660,946,947,-1,660,947,609,-1,609,947,948,-1,609,948,713,-1,949,950,951,-1,907,617,952,-1,952,617,904,-1,952,904,843,-1,843,904,953,-1,843,953,841,-1,771,954,617,-1,617,954,955,-1,617,955,908,-1,908,955,956,-1,908,956,957,-1,778,958,776,-1,776,958,924,-1,776,924,959,-1,959,924,926,-1,960,961,962,-1,795,963,797,-1,797,963,927,-1,797,927,964,-1,964,927,929,-1,965,966,967,-1,808,968,609,-1,609,968,969,-1,609,969,970,-1,971,972,609,-1,609,972,973,-1,609,973,974,-1,895,975,894,-1,894,975,949,-1,894,949,976,-1,976,949,951,-1,977,978,979,-1,980,981,765,-1,765,981,982,-1,765,982,609,-1,609,982,983,-1,609,983,834,-1,984,985,986,-1,911,987,617,-1,617,987,988,-1,617,988,989,-1,989,988,990,-1,989,990,991,-1,989,992,617,-1,617,992,993,-1,617,993,994,-1,995,996,997,-1,997,996,998,-1,997,998,847,-1,847,998,999,-1,847,999,714,-1,1000,1001,1002,-1,780,1003,781,-1,781,1003,960,-1,781,960,1004,-1,1004,960,962,-1,1005,1006,1007,-1,868,1008,869,-1,869,1008,965,-1,869,965,1009,-1,1009,965,967,-1,932,609,1010,-1,1010,609,970,-1,1010,970,803,-1,803,970,1011,-1,803,1011,801,-1,930,1012,609,-1,609,1012,1013,-1,609,1013,686,-1,686,1013,1014,-1,686,1014,687,-1,974,1015,609,-1,609,1015,1016,-1,609,1016,872,-1,872,1016,1017,-1,872,1017,1018,-1,980,1019,981,-1,981,1019,977,-1,981,977,1020,-1,1020,977,979,-1,905,1021,617,-1,617,1021,1022,-1,617,1022,634,-1,634,1022,1023,-1,634,1023,635,-1,957,1024,908,-1,908,1024,1025,-1,908,1025,1026,-1,1026,1025,984,-1,1026,984,1027,-1,1027,984,986,-1,918,1028,720,-1,720,1028,1029,-1,720,1029,1030,-1,1030,1029,1000,-1,1030,1000,1031,-1,1031,1000,1002,-1,867,1032,787,-1,787,1032,1005,-1,787,1005,1033,-1,1033,1005,1007,-1,994,1034,617,-1,617,1034,1035,-1,617,1035,772,-1,772,1035,1036,-1,772,1036,1037,-1,1038,1039,1040,-1,743,1041,609,-1,609,1041,1042,-1,609,1042,936,-1,936,934,609,-1,609,934,1043,-1,609,1043,971,-1,971,1043,1044,-1,971,1044,1045,-1,1046,1047,1048,-1,1049,1050,1051,-1,1052,1053,1054,-1,1055,1056,1057,-1,687,1058,685,-1,685,1058,1038,-1,685,1038,1059,-1,1059,1038,1040,-1,1045,1060,971,-1,971,1060,1061,-1,971,1061,1062,-1,1062,1061,1046,-1,1062,1046,1063,-1,1063,1046,1048,-1,1064,1065,1066,-1,635,1067,633,-1,633,1067,1049,-1,633,1049,1068,-1,1068,1049,1051,-1,991,1069,989,-1,989,1069,1070,-1,989,1070,1071,-1,1071,1070,1052,-1,1071,1052,1072,-1,1072,1052,1054,-1,1037,1073,772,-1,772,1073,1074,-1,772,1074,1075,-1,1075,1074,1055,-1,1075,1055,1076,-1,1076,1055,1057,-1,1018,1077,872,-1,872,1077,1078,-1,872,1078,1079,-1,1079,1078,1064,-1,1079,1064,1080,-1,1080,1064,1066,-1,1081,1082,583,-1,1,597,840,-1,1083,1084,583,-1,840,1085,1,-1,1,1085,1086,-1,1,1086,583,-1,1087,951,950,-1,1088,826,825,-1,950,1081,1087,-1,1087,1081,583,-1,1087,583,1089,-1,1089,583,1086,-1,1089,1086,978,-1,978,1086,979,-1,825,1083,1088,-1,1088,1083,583,-1,1088,583,1090,-1,1090,583,1082,-1,1090,1082,891,-1,891,1082,892,-1,1091,1092,583,-1,1093,818,817,-1,817,1091,1093,-1,1093,1091,583,-1,1093,583,1094,-1,1094,583,1084,-1,1094,1084,753,-1,753,1084,754,-1,623,621,1095,-1,1095,621,583,-1,1095,583,1096,-1,1096,583,1092,-1,1096,1092,810,-1,810,1092,811,-1,1097,1051,1050,-1,1098,1054,1053,-1,1099,1100,581,-1,621,921,583,-1,583,921,1101,-1,583,1101,1102,-1,986,985,1103,-1,1103,985,1104,-1,600,602,1105,-1,1105,602,581,-1,1105,581,1106,-1,1106,581,1100,-1,1106,1100,767,-1,767,1100,768,-1,1002,1001,1102,-1,1102,1001,1107,-1,1102,1107,583,-1,583,1107,1108,-1,996,995,1108,-1,1108,995,1109,-1,1108,1109,583,-1,583,1109,1110,-1,1053,1111,1098,-1,1098,1111,583,-1,1098,583,1112,-1,1112,583,1110,-1,1112,1110,1056,-1,1056,1110,1057,-1,1050,1099,1097,-1,1097,1099,581,-1,1097,581,1104,-1,1104,581,583,-1,1104,583,1103,-1,1103,583,1111,-1,581,602,800,-1,1113,1114,515,-1,800,1115,581,-1,581,1115,1116,-1,581,1116,515,-1,1117,929,928,-1,1118,1119,515,-1,928,1113,1117,-1,1117,1113,515,-1,1117,515,1120,-1,1120,515,1116,-1,1120,1116,966,-1,966,1116,967,-1,1121,1122,515,-1,1123,858,857,-1,1124,962,961,-1,961,1121,1124,-1,1124,1121,515,-1,1124,515,1125,-1,1125,515,1114,-1,1125,1114,1006,-1,1006,1114,1007,-1,857,1118,1123,-1,1123,1118,515,-1,1123,515,1126,-1,1126,515,1122,-1,1126,1122,925,-1,925,1122,926,-1,644,643,1127,-1,1127,643,515,-1,1127,515,1128,-1,1128,515,1119,-1,1128,1119,637,-1,637,1119,639,-1,643,645,515,-1,515,645,1129,-1,515,1129,1130,-1,594,593,1130,-1,1130,593,1131,-1,1130,1131,515,-1,515,1131,1132,-1,1133,1040,1039,-1,877,876,1132,-1,1132,876,1134,-1,1132,1134,515,-1,515,1134,1135,-1,742,741,1136,-1,1136,741,1137,-1,1066,1065,1135,-1,1135,1065,1138,-1,1135,1138,515,-1,515,1138,1139,-1,1048,1047,1139,-1,1139,1047,1140,-1,1139,1140,515,-1,515,1140,1141,-1,1039,1142,1133,-1,1133,1142,515,-1,1133,515,1143,-1,1143,515,1141,-1,1143,1141,882,-1,882,1141,883,-1,595,597,1144,-1,1144,597,1,-1,1144,1,1137,-1,1137,1,515,-1,1137,515,1136,-1,1136,515,1142,-1,
        ]
    }
}
Shape{
    appearance Appearance {
        material  Material 	{
            diffuseColor 0.6666666666666666 0.6666666666666666 0.6666666666666666
            specularColor 0.4666666666666667 0.4666666666666667 0.4666666666666667
            ambientIntensity 0.6667
            transparency 0.0
            shininess 0.5
        }
    }
    geometry IndexedFaceSet {
        ccw TRUE
        solid FALSE
        coord DEF co Coordinate {
            point [
                0.7343 0.9842 0.0799, 0.7343 0.9846 0.0799, 0.6437 0.9842 0.0799, 0.6437 0.9846 0.0799, 0.7343 0.9842 0.0197, 0.7343 0.872 0.0197, 0.7343 0.872 0.0, 0.7343 0.9846 0.0, 0.6437 0.9842 0.0197, 0.6437 0.9846 0.0, 0.6437 0.872 0.0197, 0.6437 0.872 0.0, 0.6453 0.8603 0.0, 0.6453 0.8603 0.0197, 0.6498 0.8494 0.0, 0.6498 0.8494 0.0197, 0.657 0.84 0.0, 0.657 0.84 0.0197, 0.6664 0.8328 0.0, 0.6664 0.8328 0.0197, 0.6773 0.8283 0.0, 0.6773 0.8283 0.0197, 0.689 0.8268 0.0, 0.689 0.8268 0.0197, 0.7007 0.8283 0.0, 0.7007 0.8283 0.0197, 0.7116 0.8328 0.0, 0.7116 0.8328 0.0197, 0.721 0.84 0.0, 0.721 0.84 0.0197, 0.7282 0.8494 0.0, 0.7282 0.8494 0.0197, 0.7327 0.8603 0.0, 0.7327 0.8603 0.0197, 0.5374 0.9842 0.0799, 0.5374 0.9846 0.0799, 0.4469 0.9842 0.0799, 0.4469 0.9846 0.0799, 0.5374 0.9842 0.0197, 0.5374 0.872 0.0197, 0.5374 0.872 0.0, 0.5374 0.9846 0.0, 0.4469 0.9842 0.0197, 0.4469 0.9846 0.0, 0.4469 0.872 0.0197, 0.4469 0.872 0.0, 0.4484 0.8603 0.0, 0.4484 0.8603 0.0197, 0.4529 0.8494 0.0, 0.4529 0.8494 0.0197, 0.4601 0.84 0.0, 0.4601 0.84 0.0197, 0.4695 0.8328 0.0, 0.4695 0.8328 0.0197, 0.4804 0.8283 0.0, 0.4804 0.8283 0.0197, 0.4921 0.8268 0.0, 0.4921 0.8268 0.0197, 0.5039 0.8283 0.0, 0.5039 0.8283 0.0197, 0.5148 0.8328 0.0, 0.5148 0.8328 0.0197, 0.5242 0.84 0.0, 0.5242 0.84 0.0197, 0.5314 0.8494 0.0, 0.5314 0.8494 0.0197, 0.5359 0.8603 0.0, 0.5359 0.8603 0.0197, 0.3406 0.9842 0.0799, 0.3406 0.9846 0.0799, 0.25 0.9842 0.0799, 0.25 0.9846 0.0799, 0.3406 0.9842 0.0197, 0.3406 0.872 0.0197, 0.3406 0.872 0.0, 0.3406 0.9846 0.0, 0.25 0.9842 0.0197, 0.25 0.9846 0.0, 0.25 0.872 0.0197, 0.25 0.872 0.0, 0.2516 0.8603 0.0, 0.2516 0.8603 0.0197, 0.2561 0.8494 0.0, 0.2561 0.8494 0.0197, 0.2633 0.84 0.0, 0.2633 0.84 0.0197, 0.2727 0.8328 0.0, 0.2727 0.8328 0.0197, 0.2836 0.8283 0.0, 0.2836 0.8283 0.0197, 0.2953 0.8268 0.0, 0.2953 0.8268 0.0197, 0.307 0.8283 0.0, 0.307 0.8283 0.0197, 0.3179 0.8328 0.0, 0.3179 0.8328 0.0197, 0.3273 0.84 0.0, 0.3273 0.84 0.0197, 0.3345 0.8494 0.0, 0.3345 0.8494 0.0197, 0.339 0.8603 0.0, 0.339 0.8603 0.0197, 0.1437 0.9842 0.0799, 0.1437 0.9846 0.0799, 0.0532 0.9842 0.0799, 0.0532 0.9846 0.0799, 0.1437 0.9842 0.0197, 0.1437 0.872 0.0197, 0.1437 0.872 0.0, 0.1437 0.9846 0.0, 0.0532 0.9842 0.0197, 0.0532 0.9846 0.0, 0.0532 0.872 0.0197, 0.0532 0.872 0.0, 0.0547 0.8603 0.0, 0.0547 0.8603 0.0197, 0.0592 0.8494 0.0, 0.0592 0.8494 0.0197, 0.0664 0.84 0.0, 0.0664 0.84 0.0197, 0.0758 0.8328 0.0, 0.0758 0.8328 0.0197, 0.0867 0.8283 0.0, 0.0867 0.8283 0.0197, 0.0984 0.8268 0.0, 0.0984 0.8268 0.0197, 0.1102 0.8283 0.0, 0.1102 0.8283 0.0197, 0.1211 0.8328 0.0, 0.1211 0.8328 0.0197, 0.1305 0.84 0.0, 0.1305 0.84 0.0197, 0.1377 0.8494 0.0, 0.1377 0.8494 0.0197, 0.1422 0.8603 0.0, 0.1422 0.8603 0.0197, -0.0531 0.9842 0.0799, -0.0531 0.9846 0.0799, -0.1437 0.9842 0.0799, -0.1437 0.9846 0.0799, -0.0531 0.9842 0.0197, -0.0531 0.872 0.0197, -0.0531 0.872 0.0, -0.0531 0.9846 0.0, -0.1437 0.9842 0.0197, -0.1437 0.9846 0.0, -0.1437 0.872 0.0197, -0.1437 0.872 0.0, -0.1421 0.8603 0.0, -0.1421 0.8603 0.0197, -0.1376 0.8494 0.0, -0.1376 0.8494 0.0197, -0.1304 0.84 0.0, -0.1304 0.84 0.0197, -0.121 0.8328 0.0, -0.121 0.8328 0.0197, -0.1101 0.8283 0.0, -0.1101 0.8283 0.0197, -0.0984 0.8268 0.0, -0.0984 0.8268 0.0197, -0.0867 0.8283 0.0, -0.0867 0.8283 0.0197, -0.0758 0.8328 0.0, -0.0758 0.8328 0.0197, -0.0664 0.84 0.0, -0.0664 0.84 0.0197, -0.0592 0.8494 0.0, -0.0592 0.8494 0.0197, -0.0547 0.8603 0.0, -0.0547 0.8603 0.0197, -0.25 0.9842 0.0799, -0.25 0.9846 0.0799, -0.3405 0.9842 0.0799, -0.3405 0.9846 0.0799, -0.25 0.9842 0.0197, -0.25 0.872 0.0197, -0.25 0.872 0.0, -0.25 0.9846 0.0, -0.3405 0.9842 0.0197, -0.3405 0.9846 0.0, -0.3405 0.872 0.0197, -0.3405 0.872 0.0, -0.339 0.8603 0.0, -0.339 0.8603 0.0197, -0.3345 0.8494 0.0, -0.3345 0.8494 0.0197, -0.3273 0.84 0.0, -0.3273 0.84 0.0197, -0.3179 0.8328 0.0, -0.3179 0.8328 0.0197, -0.307 0.8283 0.0, -0.307 0.8283 0.0197, -0.2953 0.8268 0.0, -0.2953 0.8268 0.0197, -0.2835 0.8283 0.0, -0.2835 0.8283 0.0197, -0.2726 0.8328 0.0, -0.2726 0.8328 0.0197, -0.2632 0.84 0.0, -0.2632 0.84 0.0197, -0.256 0.8494 0.0, -0.256 0.8494 0.0197, -0.2515 0.8603 0.0, -0.2515 0.8603 0.0197, -0.4468 0.9842 0.0799, -0.4468 0.9846 0.0799, -0.5374 0.9842 0.0799, -0.5374 0.9846 0.0799, -0.4468 0.9842 0.0197, -0.4468 0.872 0.0197, -0.4468 0.872 0.0, -0.4468 0.9846 0.0, -0.5374 0.9842 0.0197, -0.5374 0.9846 0.0, -0.5374 0.872 0.0197, -0.5374 0.872 0.0, -0.5358 0.8603 0.0, -0.5358 0.8603 0.0197, -0.5313 0.8494 0.0, -0.5313 0.8494 0.0197, -0.5241 0.84 0.0, -0.5241 0.84 0.0197, -0.5147 0.8328 0.0, -0.5147 0.8328 0.0197, -0.5038 0.8283 0.0, -0.5038 0.8283 0.0197, -0.4921 0.8268 0.0, -0.4921 0.8268 0.0197, -0.4804 0.8283 0.0, -0.4804 0.8283 0.0197, -0.4695 0.8328 0.0, -0.4695 0.8328 0.0197, -0.4601 0.84 0.0, -0.4601 0.84 0.0197, -0.4529 0.8494 0.0, -0.4529 0.8494 0.0197, -0.4484 0.8603 0.0, -0.4484 0.8603 0.0197, -0.6437 0.9842 0.0799, -0.6437 0.9846 0.0799, -0.7342 0.9842 0.0799, -0.7342 0.9846 0.0799, -0.6437 0.9842 0.0197, -0.6437 0.872 0.0197, -0.6437 0.872 0.0, -0.6437 0.9846 0.0, -0.7342 0.9842 0.0197, -0.7342 0.9846 0.0, -0.7342 0.872 0.0197, -0.7342 0.872 0.0, -0.7327 0.8603 0.0, -0.7327 0.8603 0.0197, -0.7282 0.8494 0.0, -0.7282 0.8494 0.0197, -0.721 0.84 0.0, -0.721 0.84 0.0197, -0.7116 0.8328 0.0, -0.7116 0.8328 0.0197, -0.7007 0.8283 0.0, -0.7007 0.8283 0.0197, -0.689 0.8268 0.0, -0.689 0.8268 0.0197, -0.6772 0.8283 0.0, -0.6772 0.8283 0.0197, -0.6663 0.8328 0.0, -0.6663 0.8328 0.0197, -0.6569 0.84 0.0, -0.6569 0.84 0.0197, -0.6497 0.8494 0.0, -0.6497 0.8494 0.0197, -0.6452 0.8603 0.0, -0.6452 0.8603 0.0197, 0.9843 -0.7343 0.0799, 0.9847 -0.7343 0.0799, 0.9843 -0.6437 0.0799, 0.9847 -0.6437 0.0799, 0.9843 -0.7343 0.0197, 0.8721 -0.7343 0.0197, 0.8721 -0.7343 0.0, 0.9847 -0.7343 0.0, 0.9843 -0.6437 0.0197, 0.9847 -0.6437 0.0, 0.8721 -0.6437 0.0197, 0.8721 -0.6437 0.0, 0.8603 -0.6453 0.0, 0.8603 -0.6453 0.0197, 0.8494 -0.6498 0.0, 0.8494 -0.6498 0.0197, 0.8401 -0.657 0.0, 0.8401 -0.657 0.0197, 0.8329 -0.6664 0.0, 0.8329 -0.6664 0.0197, 0.8283 -0.6773 0.0, 0.8283 -0.6773 0.0197, 0.8268 -0.689 0.0, 0.8268 -0.689 0.0197, 0.8283 -0.7007 0.0, 0.8283 -0.7007 0.0197, 0.8329 -0.7116 0.0, 0.8329 -0.7116 0.0197, 0.8401 -0.721 0.0, 0.8401 -0.721 0.0197, 0.8494 -0.7282 0.0, 0.8494 -0.7282 0.0197, 0.8603 -0.7327 0.0, 0.8603 -0.7327 0.0197, -0.7342 -0.9843 0.0799, -0.7342 -0.9847 0.0799, -0.6437 -0.9843 0.0799, -0.6437 -0.9847 0.0799, -0.7342 -0.9843 0.0197, -0.7342 -0.8721 0.0197, -0.7342 -0.8721 0.0, -0.7342 -0.9847 0.0, -0.6437 -0.9843 0.0197, -0.6437 -0.9847 0.0, -0.6437 -0.8721 0.0197, -0.6437 -0.8721 0.0, -0.6452 -0.8603 0.0, -0.6452 -0.8603 0.0197, -0.6497 -0.8494 0.0, -0.6497 -0.8494 0.0197, -0.6569 -0.8401 0.0, -0.6569 -0.8401 0.0197, -0.6663 -0.8329 0.0, -0.6663 -0.8329 0.0197, -0.6772 -0.8283 0.0, -0.6772 -0.8283 0.0197, -0.689 -0.8268 0.0, -0.689 -0.8268 0.0197, -0.7007 -0.8283 0.0, -0.7007 -0.8283 0.0197, -0.7116 -0.8329 0.0, -0.7116 -0.8329 0.0197, -0.721 -0.8401 0.0, -0.721 -0.8401 0.0197, -0.7282 -0.8494 0.0, -0.7282 -0.8494 0.0197, -0.7327 -0.8603 0.0, -0.7327 -0.8603 0.0197, -0.9842 0.7342 0.0799, -0.9846 0.7342 0.0799, -0.9842 0.6437 0.0799, -0.9846 0.6437 0.0799, -0.9842 0.7342 0.0197, -0.872 0.7342 0.0197, -0.872 0.7342 0.0, -0.9846 0.7342 0.0, -0.9842 0.6437 0.0197, -0.9846 0.6437 0.0, -0.872 0.6437 0.0197, -0.872 0.6437 0.0, -0.8603 0.6452 0.0, -0.8603 0.6452 0.0197, -0.8494 0.6497 0.0, -0.8494 0.6497 0.0197, -0.84 0.6569 0.0, -0.84 0.6569 0.0197, -0.8328 0.6663 0.0, -0.8328 0.6663 0.0197, -0.8283 0.6772 0.0, -0.8283 0.6772 0.0197, -0.8268 0.689 0.0, -0.8268 0.689 0.0197, -0.8283 0.7007 0.0, -0.8283 0.7007 0.0197, -0.8328 0.7116 0.0, -0.8328 0.7116 0.0197, -0.84 0.721 0.0, -0.84 0.721 0.0197, -0.8494 0.7282 0.0, -0.8494 0.7282 0.0197, -0.8603 0.7327 0.0, -0.8603 0.7327 0.0197, 0.9843 -0.5374 0.0799, 0.9847 -0.5374 0.0799, 0.9843 -0.4469 0.0799, 0.9847 -0.4469 0.0799, 0.9843 -0.5374 0.0197, 0.8721 -0.5374 0.0197, 0.8721 -0.5374 0.0, 0.9847 -0.5374 0.0, 0.9843 -0.4469 0.0197, 0.9847 -0.4469 0.0, 0.8721 -0.4469 0.0197, 0.8721 -0.4469 0.0, 0.8603 -0.4484 0.0, 0.8603 -0.4484 0.0197, 0.8494 -0.4529 0.0, 0.8494 -0.4529 0.0197, 0.8401 -0.4601 0.0, 0.8401 -0.4601 0.0197, 0.8329 -0.4695 0.0, 0.8329 -0.4695 0.0197, 0.8283 -0.4804 0.0, 0.8283 -0.4804 0.0197, 0.8268 -0.4921 0.0, 0.8268 -0.4921 0.0197, 0.8283 -0.5039 0.0, 0.8283 -0.5039 0.0197, 0.8329 -0.5148 0.0, 0.8329 -0.5148 0.0197, 0.8401 -0.5242 0.0, 0.8401 -0.5242 0.0197, 0.8494 -0.5314 0.0, 0.8494 -0.5314 0.0197, 0.8603 -0.5359 0.0, 0.8603 -0.5359 0.0197, 0.9843 -0.3406 0.0799, 0.9847 -0.3406 0.0799, 0.9843 -0.25 0.0799, 0.9847 -0.25 0.0799, 0.9843 -0.3406 0.0197, 0.8721 -0.3406 0.0197, 0.8721 -0.3406 0.0, 0.9847 -0.3406 0.0, 0.9843 -0.25 0.0197, 0.9847 -0.25 0.0, 0.8721 -0.25 0.0197, 0.8721 -0.25 0.0, 0.8603 -0.2516 0.0, 0.8603 -0.2516 0.0197, 0.8494 -0.2561 0.0, 0.8494 -0.2561 0.0197, 0.8401 -0.2633 0.0, 0.8401 -0.2633 0.0197, 0.8329 -0.2727 0.0, 0.8329 -0.2727 0.0197, 0.8283 -0.2836 0.0, 0.8283 -0.2836 0.0197, 0.8268 -0.2953 0.0, 0.8268 -0.2953 0.0197, 0.8283 -0.307 0.0, 0.8283 -0.307 0.0197, 0.8329 -0.3179 0.0, 0.8329 -0.3179 0.0197, 0.8401 -0.3273 0.0, 0.8401 -0.3273 0.0197, 0.8494 -0.3345 0.0, 0.8494 -0.3345 0.0197, 0.8603 -0.339 0.0, 0.8603 -0.339 0.0197, 0.9843 -0.1437 0.0799, 0.9847 -0.1437 0.0799, 0.9843 -0.0532 0.0799, 0.9847 -0.0532 0.0799, 0.9843 -0.1437 0.0197, 0.8721 -0.1437 0.0197, 0.8721 -0.1437 0.0, 0.9847 -0.1437 0.0, 0.9843 -0.0532 0.0197, 0.9847 -0.0532 0.0, 0.8721 -0.0532 0.0197, 0.8721 -0.0532 0.0, 0.8603 -0.0547 0.0, 0.8603 -0.0547 0.0197, 0.8494 -0.0592 0.0, 0.8494 -0.0592 0.0197, 0.8401 -0.0664 0.0, 0.8401 -0.0664 0.0197, 0.8329 -0.0758 0.0, 0.8329 -0.0758 0.0197, 0.8283 -0.0867 0.0, 0.8283 -0.0867 0.0197, 0.8268 -0.0984 0.0, 0.8268 -0.0984 0.0197, 0.8283 -0.1102 0.0, 0.8283 -0.1102 0.0197, 0.8329 -0.1211 0.0, 0.8329 -0.1211 0.0197, 0.8401 -0.1305 0.0, 0.8401 -0.1305 0.0197, 0.8494 -0.1377 0.0, 0.8494 -0.1377 0.0197, 0.8603 -0.1422 0.0, 0.8603 -0.1422 0.0197, 0.9843 0.0531 0.0799, 0.9847 0.0531 0.0799, 0.9843 0.1437 0.0799, 0.9847 0.1437 0.0799, 0.9843 0.0531 0.0197, 0.8721 0.0531 0.0197, 0.8721 0.0531 0.0, 0.9847 0.0531 0.0, 0.9843 0.1437 0.0197, 0.9847 0.1437 0.0, 0.8721 0.1437 0.0197, 0.8721 0.1437 0.0, 0.8603 0.1421 0.0, 0.8603 0.1421 0.0197, 0.8494 0.1376 0.0, 0.8494 0.1376 0.0197, 0.8401 0.1304 0.0, 0.8401 0.1304 0.0197, 0.8329 0.121 0.0, 0.8329 0.121 0.0197, 0.8283 0.1101 0.0, 0.8283 0.1101 0.0197, 0.8268 0.0984 0.0, 0.8268 0.0984 0.0197, 0.8283 0.0867 0.0, 0.8283 0.0867 0.0197, 0.8329 0.0758 0.0, 0.8329 0.0758 0.0197, 0.8401 0.0664 0.0, 0.8401 0.0664 0.0197, 0.8494 0.0592 0.0, 0.8494 0.0592 0.0197, 0.8603 0.0547 0.0, 0.8603 0.0547 0.0197, 0.9843 0.25 0.0799, 0.9847 0.25 0.0799, 0.9843 0.3405 0.0799, 0.9847 0.3405 0.0799, 0.9843 0.25 0.0197, 0.8721 0.25 0.0197, 0.8721 0.25 0.0, 0.9847 0.25 0.0, 0.9843 0.3405 0.0197, 0.9847 0.3405 0.0, 0.8721 0.3405 0.0197, 0.8721 0.3405 0.0, 0.8603 0.339 0.0, 0.8603 0.339 0.0197, 0.8494 0.3345 0.0, 0.8494 0.3345 0.0197, 0.8401 0.3273 0.0, 0.8401 0.3273 0.0197, 0.8329 0.3179 0.0, 0.8329 0.3179 0.0197, 0.8283 0.307 0.0, 0.8283 0.307 0.0197, 0.8268 0.2953 0.0, 0.8268 0.2953 0.0197, 0.8283 0.2835 0.0, 0.8283 0.2835 0.0197, 0.8329 0.2726 0.0, 0.8329 0.2726 0.0197, 0.8401 0.2632 0.0, 0.8401 0.2632 0.0197, 0.8494 0.256 0.0, 0.8494 0.256 0.0197, 0.8603 0.2515 0.0, 0.8603 0.2515 0.0197, 0.9843 0.4468 0.0799, 0.9847 0.4468 0.0799, 0.9843 0.5374 0.0799, 0.9847 0.5374 0.0799, 0.9843 0.4468 0.0197, 0.8721 0.4468 0.0197, 0.8721 0.4468 0.0, 0.9847 0.4468 0.0, 0.9843 0.5374 0.0197, 0.9847 0.5374 0.0, 0.8721 0.5374 0.0197, 0.8721 0.5374 0.0, 0.8603 0.5358 0.0, 0.8603 0.5358 0.0197, 0.8494 0.5313 0.0, 0.8494 0.5313 0.0197, 0.8401 0.5241 0.0, 0.8401 0.5241 0.0197, 0.8329 0.5147 0.0, 0.8329 0.5147 0.0197, 0.8283 0.5038 0.0, 0.8283 0.5038 0.0197, 0.8268 0.4921 0.0, 0.8268 0.4921 0.0197, 0.8283 0.4804 0.0, 0.8283 0.4804 0.0197, 0.8329 0.4695 0.0, 0.8329 0.4695 0.0197, 0.8401 0.4601 0.0, 0.8401 0.4601 0.0197, 0.8494 0.4529 0.0, 0.8494 0.4529 0.0197, 0.8603 0.4484 0.0, 0.8603 0.4484 0.0197, 0.9843 0.6437 0.0799, 0.9847 0.6437 0.0799, 0.9843 0.7342 0.0799, 0.9847 0.7342 0.0799, 0.9843 0.6437 0.0197, 0.8721 0.6437 0.0197, 0.8721 0.6437 0.0, 0.9847 0.6437 0.0, 0.9843 0.7342 0.0197, 0.9847 0.7342 0.0, 0.8721 0.7342 0.0197, 0.8721 0.7342 0.0, 0.8603 0.7327 0.0, 0.8603 0.7327 0.0197, 0.8494 0.7282 0.0, 0.8494 0.7282 0.0197, 0.8401 0.721 0.0, 0.8401 0.721 0.0197, 0.8329 0.7116 0.0, 0.8329 0.7116 0.0197, 0.8283 0.7007 0.0, 0.8283 0.7007 0.0197, 0.8268 0.689 0.0, 0.8268 0.689 0.0197, 0.8283 0.6772 0.0, 0.8283 0.6772 0.0197, 0.8329 0.6663 0.0, 0.8329 0.6663 0.0197, 0.8401 0.6569 0.0, 0.8401 0.6569 0.0197, 0.8494 0.6497 0.0, 0.8494 0.6497 0.0197, 0.8603 0.6452 0.0, 0.8603 0.6452 0.0197, -0.5374 -0.9843 0.0799, -0.5374 -0.9847 0.0799, -0.4468 -0.9843 0.0799, -0.4468 -0.9847 0.0799, -0.5374 -0.9843 0.0197, -0.5374 -0.8721 0.0197, -0.5374 -0.8721 0.0, -0.5374 -0.9847 0.0, -0.4468 -0.9843 0.0197, -0.4468 -0.9847 0.0, -0.4468 -0.8721 0.0197, -0.4468 -0.8721 0.0, -0.4484 -0.8603 0.0, -0.4484 -0.8603 0.0197, -0.4529 -0.8494 0.0, -0.4529 -0.8494 0.0197, -0.4601 -0.8401 0.0, -0.4601 -0.8401 0.0197, -0.4695 -0.8329 0.0, -0.4695 -0.8329 0.0197, -0.4804 -0.8283 0.0, -0.4804 -0.8283 0.0197, -0.4921 -0.8268 0.0, -0.4921 -0.8268 0.0197, -0.5038 -0.8283 0.0, -0.5038 -0.8283 0.0197, -0.5147 -0.8329 0.0, -0.5147 -0.8329 0.0197, -0.5241 -0.8401 0.0, -0.5241 -0.8401 0.0197, -0.5313 -0.8494 0.0, -0.5313 -0.8494 0.0197, -0.5358 -0.8603 0.0, -0.5358 -0.8603 0.0197, -0.3405 -0.9843 0.0799, -0.3405 -0.9847 0.0799, -0.25 -0.9843 0.0799, -0.25 -0.9847 0.0799, -0.3405 -0.9843 0.0197, -0.3405 -0.8721 0.0197, -0.3405 -0.8721 0.0, -0.3405 -0.9847 0.0, -0.25 -0.9843 0.0197, -0.25 -0.9847 0.0, -0.25 -0.8721 0.0197, -0.25 -0.8721 0.0, -0.2515 -0.8603 0.0, -0.2515 -0.8603 0.0197, -0.256 -0.8494 0.0, -0.256 -0.8494 0.0197, -0.2632 -0.8401 0.0, -0.2632 -0.8401 0.0197, -0.2726 -0.8329 0.0, -0.2726 -0.8329 0.0197, -0.2835 -0.8283 0.0, -0.2835 -0.8283 0.0197, -0.2953 -0.8268 0.0, -0.2953 -0.8268 0.0197, -0.307 -0.8283 0.0, -0.307 -0.8283 0.0197, -0.3179 -0.8329 0.0, -0.3179 -0.8329 0.0197, -0.3273 -0.8401 0.0, -0.3273 -0.8401 0.0197, -0.3345 -0.8494 0.0, -0.3345 -0.8494 0.0197, -0.339 -0.8603 0.0, -0.339 -0.8603 0.0197, -0.1437 -0.9843 0.0799, -0.1437 -0.9847 0.0799, -0.0531 -0.9843 0.0799, -0.0531 -0.9847 0.0799, -0.1437 -0.9843 0.0197, -0.1437 -0.8721 0.0197, -0.1437 -0.8721 0.0, -0.1437 -0.9847 0.0, -0.0531 -0.9843 0.0197, -0.0531 -0.9847 0.0, -0.0531 -0.8721 0.0197, -0.0531 -0.8721 0.0, -0.0547 -0.8603 0.0, -0.0547 -0.8603 0.0197, -0.0592 -0.8494 0.0, -0.0592 -0.8494 0.0197, -0.0664 -0.8401 0.0, -0.0664 -0.8401 0.0197, -0.0758 -0.8329 0.0, -0.0758 -0.8329 0.0197, -0.0867 -0.8283 0.0, -0.0867 -0.8283 0.0197, -0.0984 -0.8268 0.0, -0.0984 -0.8268 0.0197, -0.1101 -0.8283 0.0, -0.1101 -0.8283 0.0197, -0.121 -0.8329 0.0, -0.121 -0.8329 0.0197, -0.1304 -0.8401 0.0, -0.1304 -0.8401 0.0197, -0.1376 -0.8494 0.0, -0.1376 -0.8494 0.0197, -0.1421 -0.8603 0.0, -0.1421 -0.8603 0.0197, 0.0532 -0.9843 0.0799, 0.0532 -0.9847 0.0799, 0.1437 -0.9843 0.0799, 0.1437 -0.9847 0.0799, 0.0532 -0.9843 0.0197, 0.0532 -0.8721 0.0197, 0.0532 -0.8721 0.0, 0.0532 -0.9847 0.0, 0.1437 -0.9843 0.0197, 0.1437 -0.9847 0.0, 0.1437 -0.8721 0.0197, 0.1437 -0.8721 0.0, 0.1422 -0.8603 0.0, 0.1422 -0.8603 0.0197, 0.1377 -0.8494 0.0, 0.1377 -0.8494 0.0197, 0.1305 -0.8401 0.0, 0.1305 -0.8401 0.0197, 0.1211 -0.8329 0.0, 0.1211 -0.8329 0.0197, 0.1102 -0.8283 0.0, 0.1102 -0.8283 0.0197, 0.0984 -0.8268 0.0, 0.0984 -0.8268 0.0197, 0.0867 -0.8283 0.0, 0.0867 -0.8283 0.0197, 0.0758 -0.8329 0.0, 0.0758 -0.8329 0.0197, 0.0664 -0.8401 0.0, 0.0664 -0.8401 0.0197, 0.0592 -0.8494 0.0, 0.0592 -0.8494 0.0197, 0.0547 -0.8603 0.0, 0.0547 -0.8603 0.0197, 0.25 -0.9843 0.0799, 0.25 -0.9847 0.0799, 0.3406 -0.9843 0.0799, 0.3406 -0.9847 0.0799, 0.25 -0.9843 0.0197, 0.25 -0.8721 0.0197, 0.25 -0.8721 0.0, 0.25 -0.9847 0.0, 0.3406 -0.9843 0.0197, 0.3406 -0.9847 0.0, 0.3406 -0.8721 0.0197, 0.3406 -0.8721 0.0, 0.339 -0.8603 0.0, 0.339 -0.8603 0.0197, 0.3345 -0.8494 0.0, 0.3345 -0.8494 0.0197, 0.3273 -0.8401 0.0, 0.3273 -0.8401 0.0197, 0.3179 -0.8329 0.0, 0.3179 -0.8329 0.0197, 0.307 -0.8283 0.0, 0.307 -0.8283 0.0197, 0.2953 -0.8268 0.0, 0.2953 -0.8268 0.0197, 0.2836 -0.8283 0.0, 0.2836 -0.8283 0.0197, 0.2727 -0.8329 0.0, 0.2727 -0.8329 0.0197, 0.2633 -0.8401 0.0, 0.2633 -0.8401 0.0197, 0.2561 -0.8494 0.0, 0.2561 -0.8494 0.0197, 0.2516 -0.8603 0.0, 0.2516 -0.8603 0.0197, 0.4469 -0.9843 0.0799, 0.4469 -0.9847 0.0799, 0.5374 -0.9843 0.0799, 0.5374 -0.9847 0.0799, 0.4469 -0.9843 0.0197, 0.4469 -0.8721 0.0197, 0.4469 -0.8721 0.0, 0.4469 -0.9847 0.0, 0.5374 -0.9843 0.0197, 0.5374 -0.9847 0.0, 0.5374 -0.8721 0.0197, 0.5374 -0.8721 0.0, 0.5359 -0.8603 0.0, 0.5359 -0.8603 0.0197, 0.5314 -0.8494 0.0, 0.5314 -0.8494 0.0197, 0.5242 -0.8401 0.0, 0.5242 -0.8401 0.0197, 0.5148 -0.8329 0.0, 0.5148 -0.8329 0.0197, 0.5039 -0.8283 0.0, 0.5039 -0.8283 0.0197, 0.4921 -0.8268 0.0, 0.4921 -0.8268 0.0197, 0.4804 -0.8283 0.0, 0.4804 -0.8283 0.0197, 0.4695 -0.8329 0.0, 0.4695 -0.8329 0.0197, 0.4601 -0.8401 0.0, 0.4601 -0.8401 0.0197, 0.4529 -0.8494 0.0, 0.4529 -0.8494 0.0197, 0.4484 -0.8603 0.0, 0.4484 -0.8603 0.0197, 0.6437 -0.9843 0.0799, 0.6437 -0.9847 0.0799, 0.7343 -0.9843 0.0799, 0.7343 -0.9847 0.0799, 0.6437 -0.9843 0.0197, 0.6437 -0.8721 0.0197, 0.6437 -0.8721 0.0, 0.6437 -0.9847 0.0, 0.7343 -0.9843 0.0197, 0.7343 -0.9847 0.0, 0.7343 -0.8721 0.0197, 0.7343 -0.8721 0.0, 0.7327 -0.8603 0.0, 0.7327 -0.8603 0.0197, 0.7282 -0.8494 0.0, 0.7282 -0.8494 0.0197, 0.721 -0.8401 0.0, 0.721 -0.8401 0.0197, 0.7116 -0.8329 0.0, 0.7116 -0.8329 0.0197, 0.7007 -0.8283 0.0, 0.7007 -0.8283 0.0197, 0.689 -0.8268 0.0, 0.689 -0.8268 0.0197, 0.6773 -0.8283 0.0, 0.6773 -0.8283 0.0197, 0.6664 -0.8329 0.0, 0.6664 -0.8329 0.0197, 0.657 -0.8401 0.0, 0.657 -0.8401 0.0197, 0.6498 -0.8494 0.0, 0.6498 -0.8494 0.0197, 0.6453 -0.8603 0.0, 0.6453 -0.8603 0.0197, -0.9842 0.5374 0.0799, -0.9846 0.5374 0.0799, -0.9842 0.4468 0.0799, -0.9846 0.4468 0.0799, -0.9842 0.5374 0.0197, -0.872 0.5374 0.0197, -0.872 0.5374 0.0, -0.9846 0.5374 0.0, -0.9842 0.4468 0.0197, -0.9846 0.4468 0.0, -0.872 0.4468 0.0197, -0.872 0.4468 0.0, -0.8603 0.4484 0.0, -0.8603 0.4484 0.0197, -0.8494 0.4529 0.0, -0.8494 0.4529 0.0197, -0.84 0.4601 0.0, -0.84 0.4601 0.0197, -0.8328 0.4695 0.0, -0.8328 0.4695 0.0197, -0.8283 0.4804 0.0, -0.8283 0.4804 0.0197, -0.8268 0.4921 0.0, -0.8268 0.4921 0.0197, -0.8283 0.5038 0.0, -0.8283 0.5038 0.0197, -0.8328 0.5147 0.0, -0.8328 0.5147 0.0197, -0.84 0.5241 0.0, -0.84 0.5241 0.0197, -0.8494 0.5313 0.0, -0.8494 0.5313 0.0197, -0.8603 0.5358 0.0, -0.8603 0.5358 0.0197, -0.9842 0.3405 0.0799, -0.9846 0.3405 0.0799, -0.9842 0.25 0.0799, -0.9846 0.25 0.0799, -0.9842 0.3405 0.0197, -0.872 0.3405 0.0197, -0.872 0.3405 0.0, -0.9846 0.3405 0.0, -0.9842 0.25 0.0197, -0.9846 0.25 0.0, -0.872 0.25 0.0197, -0.872 0.25 0.0, -0.8603 0.2515 0.0, -0.8603 0.2515 0.0197, -0.8494 0.256 0.0, -0.8494 0.256 0.0197, -0.84 0.2632 0.0, -0.84 0.2632 0.0197, -0.8328 0.2726 0.0, -0.8328 0.2726 0.0197, -0.8283 0.2835 0.0, -0.8283 0.2835 0.0197, -0.8268 0.2953 0.0, -0.8268 0.2953 0.0197, -0.8283 0.307 0.0, -0.8283 0.307 0.0197, -0.8328 0.3179 0.0, -0.8328 0.3179 0.0197, -0.84 0.3273 0.0, -0.84 0.3273 0.0197, -0.8494 0.3345 0.0, -0.8494 0.3345 0.0197, -0.8603 0.339 0.0, -0.8603 0.339 0.0197, -0.9842 0.1437 0.0799, -0.9846 0.1437 0.0799, -0.9842 0.0531 0.0799, -0.9846 0.0531 0.0799, -0.9842 0.1437 0.0197, -0.872 0.1437 0.0197, -0.872 0.1437 0.0, -0.9846 0.1437 0.0, -0.9842 0.0531 0.0197, -0.9846 0.0531 0.0, -0.872 0.0531 0.0197, -0.872 0.0531 0.0, -0.8603 0.0547 0.0, -0.8603 0.0547 0.0197, -0.8494 0.0592 0.0, -0.8494 0.0592 0.0197, -0.84 0.0664 0.0, -0.84 0.0664 0.0197, -0.8328 0.0758 0.0, -0.8328 0.0758 0.0197, -0.8283 0.0867 0.0, -0.8283 0.0867 0.0197, -0.8268 0.0984 0.0, -0.8268 0.0984 0.0197, -0.8283 0.1101 0.0, -0.8283 0.1101 0.0197, -0.8328 0.121 0.0, -0.8328 0.121 0.0197, -0.84 0.1304 0.0, -0.84 0.1304 0.0197, -0.8494 0.1376 0.0, -0.8494 0.1376 0.0197, -0.8603 0.1421 0.0, -0.8603 0.1421 0.0197, -0.9842 -0.0532 0.0799, -0.9846 -0.0532 0.0799, -0.9842 -0.1437 0.0799, -0.9846 -0.1437 0.0799, -0.9842 -0.0532 0.0197, -0.872 -0.0532 0.0197, -0.872 -0.0532 0.0, -0.9846 -0.0532 0.0, -0.9842 -0.1437 0.0197, -0.9846 -0.1437 0.0, -0.872 -0.1437 0.0197, -0.872 -0.1437 0.0, -0.8603 -0.1422 0.0, -0.8603 -0.1422 0.0197, -0.8494 -0.1377 0.0, -0.8494 -0.1377 0.0197, -0.84 -0.1305 0.0, -0.84 -0.1305 0.0197, -0.8328 -0.1211 0.0, -0.8328 -0.1211 0.0197, -0.8283 -0.1102 0.0, -0.8283 -0.1102 0.0197, -0.8268 -0.0984 0.0, -0.8268 -0.0984 0.0197, -0.8283 -0.0867 0.0, -0.8283 -0.0867 0.0197, -0.8328 -0.0758 0.0, -0.8328 -0.0758 0.0197, -0.84 -0.0664 0.0, -0.84 -0.0664 0.0197, -0.8494 -0.0592 0.0, -0.8494 -0.0592 0.0197, -0.8603 -0.0547 0.0, -0.8603 -0.0547 0.0197, -0.9842 -0.25 0.0799, -0.9846 -0.25 0.0799, -0.9842 -0.3406 0.0799, -0.9846 -0.3406 0.0799, -0.9842 -0.25 0.0197, -0.872 -0.25 0.0197, -0.872 -0.25 0.0, -0.9846 -0.25 0.0, -0.9842 -0.3406 0.0197, -0.9846 -0.3406 0.0, -0.872 -0.3406 0.0197, -0.872 -0.3406 0.0, -0.8603 -0.339 0.0, -0.8603 -0.339 0.0197, -0.8494 -0.3345 0.0, -0.8494 -0.3345 0.0197, -0.84 -0.3273 0.0, -0.84 -0.3273 0.0197, -0.8328 -0.3179 0.0, -0.8328 -0.3179 0.0197, -0.8283 -0.307 0.0, -0.8283 -0.307 0.0197, -0.8268 -0.2953 0.0, -0.8268 -0.2953 0.0197, -0.8283 -0.2836 0.0, -0.8283 -0.2836 0.0197, -0.8328 -0.2727 0.0, -0.8328 -0.2727 0.0197, -0.84 -0.2633 0.0, -0.84 -0.2633 0.0197, -0.8494 -0.2561 0.0, -0.8494 -0.2561 0.0197, -0.8603 -0.2516 0.0, -0.8603 -0.2516 0.0197, -0.9842 -0.4469 0.0799, -0.9846 -0.4469 0.0799, -0.9842 -0.5374 0.0799, -0.9846 -0.5374 0.0799, -0.9842 -0.4469 0.0197, -0.872 -0.4469 0.0197, -0.872 -0.4469 0.0, -0.9846 -0.4469 0.0, -0.9842 -0.5374 0.0197, -0.9846 -0.5374 0.0, -0.872 -0.5374 0.0197, -0.872 -0.5374 0.0, -0.8603 -0.5359 0.0, -0.8603 -0.5359 0.0197, -0.8494 -0.5314 0.0, -0.8494 -0.5314 0.0197, -0.84 -0.5242 0.0, -0.84 -0.5242 0.0197, -0.8328 -0.5148 0.0, -0.8328 -0.5148 0.0197, -0.8283 -0.5039 0.0, -0.8283 -0.5039 0.0197, -0.8268 -0.4921 0.0, -0.8268 -0.4921 0.0197, -0.8283 -0.4804 0.0, -0.8283 -0.4804 0.0197, -0.8328 -0.4695 0.0, -0.8328 -0.4695 0.0197, -0.84 -0.4601 0.0, -0.84 -0.4601 0.0197, -0.8494 -0.4529 0.0, -0.8494 -0.4529 0.0197, -0.8603 -0.4484 0.0, -0.8603 -0.4484 0.0197, -0.9842 -0.6437 0.0799, -0.9846 -0.6437 0.0799, -0.9842 -0.7343 0.0799, -0.9846 -0.7343 0.0799, -0.9842 -0.6437 0.0197, -0.872 -0.6437 0.0197, -0.872 -0.6437 0.0, -0.9846 -0.6437 0.0, -0.9842 -0.7343 0.0197, -0.9846 -0.7343 0.0, -0.872 -0.7343 0.0197, -0.872 -0.7343 0.0, -0.8603 -0.7327 0.0, -0.8603 -0.7327 0.0197, -0.8494 -0.7282 0.0, -0.8494 -0.7282 0.0197, -0.84 -0.721 0.0, -0.84 -0.721 0.0197, -0.8328 -0.7116 0.0, -0.8328 -0.7116 0.0197, -0.8283 -0.7007 0.0, -0.8283 -0.7007 0.0197, -0.8268 -0.689 0.0, -0.8268 -0.689 0.0197, -0.8283 -0.6773 0.0, -0.8283 -0.6773 0.0197, -0.8328 -0.6664 0.0, -0.8328 -0.6664 0.0197, -0.84 -0.657 0.0, -0.84 -0.657 0.0197, -0.8494 -0.6498 0.0, -0.8494 -0.6498 0.0197, -0.8603 -0.6453 0.0, -0.8603 -0.6453 0.0197, -0.6299 0.6299 0.0, -0.6299 -0.4921 0.0, -0.6299 0.6299 0.0197, -0.6299 -0.4921 0.0197, 0.6299 0.6299 0.0, 0.6299 0.6299 0.0197, 0.6299 -0.6299 0.0, 0.6299 -0.6299 0.0197, -0.4921 -0.6299 0.0, -0.4921 -0.6299 0.0197
            ]
        }
        coordIndex [
            0,1,2,-1,2,1,3,-1,1,0,4,-1,5,6,4,-1,4,6,7,-1,4,7,1,-1,2,3,8,-1,8,3,9,-1,8,9,10,-1,10,9,11,-1,10,11,12,-1,10,12,13,-1,13,12,14,-1,13,14,15,-1,15,14,16,-1,15,16,17,-1,17,16,18,-1,17,18,19,-1,19,18,20,-1,19,20,21,-1,21,20,22,-1,21,22,23,-1,23,22,24,-1,23,24,25,-1,25,24,26,-1,25,26,27,-1,27,26,28,-1,27,28,29,-1,29,28,30,-1,29,30,31,-1,31,30,32,-1,31,32,33,-1,33,32,6,-1,33,6,5,-1,3,1,9,-1,9,1,7,-1,20,6,22,-1,22,6,24,-1,9,7,11,-1,11,7,6,-1,11,6,12,-1,12,6,14,-1,6,32,24,-1,24,32,30,-1,24,30,26,-1,26,30,28,-1,20,18,6,-1,6,18,16,-1,6,16,14,-1,34,35,36,-1,36,35,37,-1,35,34,38,-1,39,40,38,-1,38,40,41,-1,38,41,35,-1,36,37,42,-1,42,37,43,-1,42,43,44,-1,44,43,45,-1,44,45,46,-1,44,46,47,-1,47,46,48,-1,47,48,49,-1,49,48,50,-1,49,50,51,-1,51,50,52,-1,51,52,53,-1,53,52,54,-1,53,54,55,-1,55,54,56,-1,55,56,57,-1,57,56,58,-1,57,58,59,-1,59,58,60,-1,59,60,61,-1,61,60,62,-1,61,62,63,-1,63,62,64,-1,63,64,65,-1,65,64,66,-1,65,66,67,-1,67,66,40,-1,67,40,39,-1,37,35,43,-1,43,35,41,-1,54,40,56,-1,56,40,58,-1,43,41,45,-1,45,41,40,-1,45,40,46,-1,46,40,48,-1,40,66,58,-1,58,66,64,-1,58,64,60,-1,60,64,62,-1,54,52,40,-1,40,52,50,-1,40,50,48,-1,68,69,70,-1,70,69,71,-1,69,68,72,-1,73,74,72,-1,72,74,75,-1,72,75,69,-1,70,71,76,-1,76,71,77,-1,76,77,78,-1,78,77,79,-1,78,79,80,-1,78,80,81,-1,81,80,82,-1,81,82,83,-1,83,82,84,-1,83,84,85,-1,85,84,86,-1,85,86,87,-1,87,86,88,-1,87,88,89,-1,89,88,90,-1,89,90,91,-1,91,90,92,-1,91,92,93,-1,93,92,94,-1,93,94,95,-1,95,94,96,-1,95,96,97,-1,97,96,98,-1,97,98,99,-1,99,98,100,-1,99,100,101,-1,101,100,74,-1,101,74,73,-1,71,69,77,-1,77,69,75,-1,77,75,79,-1,79,75,74,-1,74,92,90,-1,90,88,74,-1,74,88,86,-1,74,86,84,-1,74,100,92,-1,92,100,98,-1,92,98,94,-1,94,98,96,-1,84,82,74,-1,74,82,80,-1,74,80,79,-1,102,103,104,-1,104,103,105,-1,103,102,106,-1,107,108,106,-1,106,108,109,-1,106,109,103,-1,104,105,110,-1,110,105,111,-1,110,111,112,-1,112,111,113,-1,112,113,114,-1,112,114,115,-1,115,114,116,-1,115,116,117,-1,117,116,118,-1,117,118,119,-1,119,118,120,-1,119,120,121,-1,121,120,122,-1,121,122,123,-1,123,122,124,-1,123,124,125,-1,125,124,126,-1,125,126,127,-1,127,126,128,-1,127,128,129,-1,129,128,130,-1,129,130,131,-1,131,130,132,-1,131,132,133,-1,133,132,134,-1,133,134,135,-1,135,134,108,-1,135,108,107,-1,105,103,111,-1,111,103,109,-1,111,109,113,-1,113,109,108,-1,108,126,124,-1,124,122,108,-1,108,122,120,-1,108,120,118,-1,118,116,108,-1,108,116,114,-1,108,114,113,-1,108,134,126,-1,126,134,132,-1,126,132,128,-1,128,132,130,-1,136,137,138,-1,138,137,139,-1,137,136,140,-1,141,142,140,-1,140,142,143,-1,140,143,137,-1,138,139,144,-1,144,139,145,-1,144,145,146,-1,146,145,147,-1,146,147,148,-1,146,148,149,-1,149,148,150,-1,149,150,151,-1,151,150,152,-1,151,152,153,-1,153,152,154,-1,153,154,155,-1,155,154,156,-1,155,156,157,-1,157,156,158,-1,157,158,159,-1,159,158,160,-1,159,160,161,-1,161,160,162,-1,161,162,163,-1,163,162,164,-1,163,164,165,-1,165,164,166,-1,165,166,167,-1,167,166,168,-1,167,168,169,-1,169,168,142,-1,169,142,141,-1,139,137,145,-1,145,137,143,-1,145,143,147,-1,147,143,142,-1,142,160,158,-1,158,156,142,-1,142,156,154,-1,142,154,152,-1,152,150,142,-1,142,150,148,-1,142,148,147,-1,142,168,160,-1,160,168,166,-1,160,166,162,-1,162,166,164,-1,170,171,172,-1,172,171,173,-1,171,170,174,-1,175,176,174,-1,174,176,177,-1,174,177,171,-1,172,173,178,-1,178,173,179,-1,178,179,180,-1,180,179,181,-1,180,181,182,-1,180,182,183,-1,183,182,184,-1,183,184,185,-1,185,184,186,-1,185,186,187,-1,187,186,188,-1,187,188,189,-1,189,188,190,-1,189,190,191,-1,191,190,192,-1,191,192,193,-1,193,192,194,-1,193,194,195,-1,195,194,196,-1,195,196,197,-1,197,196,198,-1,197,198,199,-1,199,198,200,-1,199,200,201,-1,201,200,202,-1,201,202,203,-1,203,202,176,-1,203,176,175,-1,173,171,179,-1,179,171,177,-1,179,177,181,-1,181,177,176,-1,176,194,192,-1,192,190,176,-1,176,190,188,-1,176,188,186,-1,176,202,194,-1,194,202,200,-1,194,200,196,-1,196,200,198,-1,186,184,176,-1,176,184,182,-1,176,182,181,-1,204,205,206,-1,206,205,207,-1,205,204,208,-1,209,210,208,-1,208,210,211,-1,208,211,205,-1,206,207,212,-1,212,207,213,-1,212,213,214,-1,214,213,215,-1,214,215,216,-1,214,216,217,-1,217,216,218,-1,217,218,219,-1,219,218,220,-1,219,220,221,-1,221,220,222,-1,221,222,223,-1,223,222,224,-1,223,224,225,-1,225,224,226,-1,225,226,227,-1,227,226,228,-1,227,228,229,-1,229,228,230,-1,229,230,231,-1,231,230,232,-1,231,232,233,-1,233,232,234,-1,233,234,235,-1,235,234,236,-1,235,236,237,-1,237,236,210,-1,237,210,209,-1,207,205,213,-1,213,205,211,-1,224,210,226,-1,226,210,228,-1,213,211,215,-1,215,211,210,-1,215,210,216,-1,216,210,218,-1,210,236,228,-1,228,236,234,-1,228,234,230,-1,230,234,232,-1,224,222,210,-1,210,222,220,-1,210,220,218,-1,238,239,240,-1,240,239,241,-1,239,238,242,-1,243,244,242,-1,242,244,245,-1,242,245,239,-1,240,241,246,-1,246,241,247,-1,246,247,248,-1,248,247,249,-1,248,249,250,-1,248,250,251,-1,251,250,252,-1,251,252,253,-1,253,252,254,-1,253,254,255,-1,255,254,256,-1,255,256,257,-1,257,256,258,-1,257,258,259,-1,259,258,260,-1,259,260,261,-1,261,260,262,-1,261,262,263,-1,263,262,264,-1,263,264,265,-1,265,264,266,-1,265,266,267,-1,267,266,268,-1,267,268,269,-1,269,268,270,-1,269,270,271,-1,271,270,244,-1,271,244,243,-1,241,239,247,-1,247,239,245,-1,258,244,260,-1,260,244,262,-1,247,245,249,-1,249,245,244,-1,249,244,250,-1,250,244,252,-1,244,270,262,-1,262,270,268,-1,262,268,264,-1,264,268,266,-1,258,256,244,-1,244,256,254,-1,244,254,252,-1,272,273,274,-1,274,273,275,-1,273,272,276,-1,277,278,276,-1,276,278,279,-1,276,279,273,-1,274,275,280,-1,280,275,281,-1,280,281,282,-1,282,281,283,-1,282,283,284,-1,282,284,285,-1,285,284,286,-1,285,286,287,-1,287,286,288,-1,287,288,289,-1,289,288,290,-1,289,290,291,-1,291,290,292,-1,291,292,293,-1,293,292,294,-1,293,294,295,-1,295,294,296,-1,295,296,297,-1,297,296,298,-1,297,298,299,-1,299,298,300,-1,299,300,301,-1,301,300,302,-1,301,302,303,-1,303,302,304,-1,303,304,305,-1,305,304,278,-1,305,278,277,-1,275,273,281,-1,281,273,279,-1,283,281,279,-1,279,278,283,-1,283,278,304,-1,283,304,302,-1,288,286,296,-1,296,286,284,-1,296,284,283,-1,302,300,283,-1,283,300,298,-1,283,298,296,-1,294,292,296,-1,296,292,290,-1,296,290,288,-1,306,307,308,-1,308,307,309,-1,307,306,310,-1,311,312,310,-1,310,312,313,-1,310,313,307,-1,308,309,314,-1,314,309,315,-1,314,315,316,-1,316,315,317,-1,316,317,318,-1,316,318,319,-1,319,318,320,-1,319,320,321,-1,321,320,322,-1,321,322,323,-1,323,322,324,-1,323,324,325,-1,325,324,326,-1,325,326,327,-1,327,326,328,-1,327,328,329,-1,329,328,330,-1,329,330,331,-1,331,330,332,-1,331,332,333,-1,333,332,334,-1,333,334,335,-1,335,334,336,-1,335,336,337,-1,337,336,338,-1,337,338,339,-1,339,338,312,-1,339,312,311,-1,309,307,315,-1,315,307,313,-1,317,315,313,-1,313,312,317,-1,317,312,338,-1,317,338,336,-1,336,334,317,-1,317,334,332,-1,317,332,330,-1,320,326,322,-1,322,326,324,-1,330,328,317,-1,317,328,326,-1,317,326,318,-1,318,326,320,-1,340,341,342,-1,342,341,343,-1,341,340,344,-1,345,346,344,-1,344,346,347,-1,344,347,341,-1,342,343,348,-1,348,343,349,-1,348,349,350,-1,350,349,351,-1,350,351,352,-1,350,352,353,-1,353,352,354,-1,353,354,355,-1,355,354,356,-1,355,356,357,-1,357,356,358,-1,357,358,359,-1,359,358,360,-1,359,360,361,-1,361,360,362,-1,361,362,363,-1,363,362,364,-1,363,364,365,-1,365,364,366,-1,365,366,367,-1,367,366,368,-1,367,368,369,-1,369,368,370,-1,369,370,371,-1,371,370,372,-1,371,372,373,-1,373,372,346,-1,373,346,345,-1,343,341,349,-1,349,341,347,-1,356,354,346,-1,349,347,351,-1,351,347,346,-1,351,346,352,-1,352,346,354,-1,368,366,370,-1,370,366,372,-1,372,366,346,-1,346,366,364,-1,346,364,362,-1,362,360,346,-1,346,360,358,-1,346,358,356,-1,374,375,376,-1,376,375,377,-1,375,374,378,-1,379,380,378,-1,378,380,381,-1,378,381,375,-1,376,377,382,-1,382,377,383,-1,382,383,384,-1,384,383,385,-1,384,385,386,-1,384,386,387,-1,387,386,388,-1,387,388,389,-1,389,388,390,-1,389,390,391,-1,391,390,392,-1,391,392,393,-1,393,392,394,-1,393,394,395,-1,395,394,396,-1,395,396,397,-1,397,396,398,-1,397,398,399,-1,399,398,400,-1,399,400,401,-1,401,400,402,-1,401,402,403,-1,403,402,404,-1,403,404,405,-1,405,404,406,-1,405,406,407,-1,407,406,380,-1,407,380,379,-1,377,375,383,-1,383,375,381,-1,385,383,381,-1,381,380,385,-1,385,380,406,-1,385,406,404,-1,390,388,398,-1,398,388,386,-1,398,386,385,-1,404,402,385,-1,385,402,400,-1,385,400,398,-1,396,394,398,-1,398,394,392,-1,398,392,390,-1,408,409,410,-1,410,409,411,-1,409,408,412,-1,413,414,412,-1,412,414,415,-1,412,415,409,-1,410,411,416,-1,416,411,417,-1,416,417,418,-1,418,417,419,-1,418,419,420,-1,418,420,421,-1,421,420,422,-1,421,422,423,-1,423,422,424,-1,423,424,425,-1,425,424,426,-1,425,426,427,-1,427,426,428,-1,427,428,429,-1,429,428,430,-1,429,430,431,-1,431,430,432,-1,431,432,433,-1,433,432,434,-1,433,434,435,-1,435,434,436,-1,435,436,437,-1,437,436,438,-1,437,438,439,-1,439,438,440,-1,439,440,441,-1,441,440,414,-1,441,414,413,-1,411,409,417,-1,417,409,415,-1,419,417,415,-1,415,414,419,-1,419,414,440,-1,419,440,438,-1,426,424,422,-1,419,432,430,-1,430,428,419,-1,419,428,426,-1,419,426,420,-1,420,426,422,-1,438,436,419,-1,419,436,434,-1,419,434,432,-1,442,443,444,-1,444,443,445,-1,443,442,446,-1,447,448,446,-1,446,448,449,-1,446,449,443,-1,444,445,450,-1,450,445,451,-1,450,451,452,-1,452,451,453,-1,452,453,454,-1,452,454,455,-1,455,454,456,-1,455,456,457,-1,457,456,458,-1,457,458,459,-1,459,458,460,-1,459,460,461,-1,461,460,462,-1,461,462,463,-1,463,462,464,-1,463,464,465,-1,465,464,466,-1,465,466,467,-1,467,466,468,-1,467,468,469,-1,469,468,470,-1,469,470,471,-1,471,470,472,-1,471,472,473,-1,473,472,474,-1,473,474,475,-1,475,474,448,-1,475,448,447,-1,445,443,451,-1,451,443,449,-1,453,451,449,-1,449,448,453,-1,453,448,474,-1,453,474,472,-1,472,470,453,-1,453,470,468,-1,453,468,466,-1,466,464,453,-1,453,464,462,-1,453,462,460,-1,460,458,453,-1,453,458,456,-1,453,456,454,-1,476,477,478,-1,478,477,479,-1,477,476,480,-1,481,482,480,-1,480,482,483,-1,480,483,477,-1,478,479,484,-1,484,479,485,-1,484,485,486,-1,486,485,487,-1,486,487,488,-1,486,488,489,-1,489,488,490,-1,489,490,491,-1,491,490,492,-1,491,492,493,-1,493,492,494,-1,493,494,495,-1,495,494,496,-1,495,496,497,-1,497,496,498,-1,497,498,499,-1,499,498,500,-1,499,500,501,-1,501,500,502,-1,501,502,503,-1,503,502,504,-1,503,504,505,-1,505,504,506,-1,505,506,507,-1,507,506,508,-1,507,508,509,-1,509,508,482,-1,509,482,481,-1,479,477,485,-1,485,477,483,-1,487,485,483,-1,483,482,487,-1,487,482,508,-1,487,508,506,-1,506,504,487,-1,487,504,502,-1,487,502,500,-1,500,498,487,-1,487,498,496,-1,487,496,494,-1,494,492,487,-1,487,492,490,-1,487,490,488,-1,510,511,512,-1,512,511,513,-1,511,510,514,-1,515,516,514,-1,514,516,517,-1,514,517,511,-1,512,513,518,-1,518,513,519,-1,518,519,520,-1,520,519,521,-1,520,521,522,-1,520,522,523,-1,523,522,524,-1,523,524,525,-1,525,524,526,-1,525,526,527,-1,527,526,528,-1,527,528,529,-1,529,528,530,-1,529,530,531,-1,531,530,532,-1,531,532,533,-1,533,532,534,-1,533,534,535,-1,535,534,536,-1,535,536,537,-1,537,536,538,-1,537,538,539,-1,539,538,540,-1,539,540,541,-1,541,540,542,-1,541,542,543,-1,543,542,516,-1,543,516,515,-1,513,511,519,-1,519,511,517,-1,521,519,517,-1,517,516,521,-1,521,516,542,-1,521,542,540,-1,528,526,524,-1,521,534,532,-1,532,530,521,-1,521,530,528,-1,521,528,522,-1,522,528,524,-1,540,538,521,-1,521,538,536,-1,521,536,534,-1,544,545,546,-1,546,545,547,-1,545,544,548,-1,549,550,548,-1,548,550,551,-1,548,551,545,-1,546,547,552,-1,552,547,553,-1,552,553,554,-1,554,553,555,-1,554,555,556,-1,554,556,557,-1,557,556,558,-1,557,558,559,-1,559,558,560,-1,559,560,561,-1,561,560,562,-1,561,562,563,-1,563,562,564,-1,563,564,565,-1,565,564,566,-1,565,566,567,-1,567,566,568,-1,567,568,569,-1,569,568,570,-1,569,570,571,-1,571,570,572,-1,571,572,573,-1,573,572,574,-1,573,574,575,-1,575,574,576,-1,575,576,577,-1,577,576,550,-1,577,550,549,-1,547,545,553,-1,553,545,551,-1,555,553,551,-1,551,550,555,-1,555,550,576,-1,555,576,574,-1,560,558,568,-1,568,558,556,-1,568,556,555,-1,574,572,555,-1,555,572,570,-1,555,570,568,-1,566,564,568,-1,568,564,562,-1,568,562,560,-1,578,579,580,-1,580,579,581,-1,579,578,582,-1,583,584,582,-1,582,584,585,-1,582,585,579,-1,580,581,586,-1,586,581,587,-1,586,587,588,-1,588,587,589,-1,588,589,590,-1,588,590,591,-1,591,590,592,-1,591,592,593,-1,593,592,594,-1,593,594,595,-1,595,594,596,-1,595,596,597,-1,597,596,598,-1,597,598,599,-1,599,598,600,-1,599,600,601,-1,601,600,602,-1,601,602,603,-1,603,602,604,-1,603,604,605,-1,605,604,606,-1,605,606,607,-1,607,606,608,-1,607,608,609,-1,609,608,610,-1,609,610,611,-1,611,610,584,-1,611,584,583,-1,581,579,587,-1,587,579,585,-1,589,587,585,-1,585,584,589,-1,589,584,610,-1,589,610,608,-1,594,592,602,-1,602,592,590,-1,602,590,589,-1,608,606,589,-1,589,606,604,-1,589,604,602,-1,600,598,602,-1,602,598,596,-1,602,596,594,-1,612,613,614,-1,614,613,615,-1,613,612,616,-1,617,618,616,-1,616,618,619,-1,616,619,613,-1,614,615,620,-1,620,615,621,-1,620,621,622,-1,622,621,623,-1,622,623,624,-1,622,624,625,-1,625,624,626,-1,625,626,627,-1,627,626,628,-1,627,628,629,-1,629,628,630,-1,629,630,631,-1,631,630,632,-1,631,632,633,-1,633,632,634,-1,633,634,635,-1,635,634,636,-1,635,636,637,-1,637,636,638,-1,637,638,639,-1,639,638,640,-1,639,640,641,-1,641,640,642,-1,641,642,643,-1,643,642,644,-1,643,644,645,-1,645,644,618,-1,645,618,617,-1,615,613,621,-1,621,613,619,-1,623,621,619,-1,619,618,623,-1,623,618,644,-1,623,644,642,-1,642,640,623,-1,623,640,638,-1,623,638,636,-1,626,632,628,-1,628,632,630,-1,636,634,623,-1,623,634,632,-1,623,632,624,-1,624,632,626,-1,646,647,648,-1,648,647,649,-1,647,646,650,-1,651,652,650,-1,650,652,653,-1,650,653,647,-1,648,649,654,-1,654,649,655,-1,654,655,656,-1,656,655,657,-1,656,657,658,-1,656,658,659,-1,659,658,660,-1,659,660,661,-1,661,660,662,-1,661,662,663,-1,663,662,664,-1,663,664,665,-1,665,664,666,-1,665,666,667,-1,667,666,668,-1,667,668,669,-1,669,668,670,-1,669,670,671,-1,671,670,672,-1,671,672,673,-1,673,672,674,-1,673,674,675,-1,675,674,676,-1,675,676,677,-1,677,676,678,-1,677,678,679,-1,679,678,652,-1,679,652,651,-1,649,647,655,-1,655,647,653,-1,655,653,657,-1,657,653,652,-1,652,670,668,-1,668,666,652,-1,652,666,664,-1,652,664,662,-1,652,678,670,-1,670,678,676,-1,670,676,672,-1,672,676,674,-1,662,660,652,-1,652,660,658,-1,652,658,657,-1,680,681,682,-1,682,681,683,-1,681,680,684,-1,685,686,684,-1,684,686,687,-1,684,687,681,-1,682,683,688,-1,688,683,689,-1,688,689,690,-1,690,689,691,-1,690,691,692,-1,690,692,693,-1,693,692,694,-1,693,694,695,-1,695,694,696,-1,695,696,697,-1,697,696,698,-1,697,698,699,-1,699,698,700,-1,699,700,701,-1,701,700,702,-1,701,702,703,-1,703,702,704,-1,703,704,705,-1,705,704,706,-1,705,706,707,-1,707,706,708,-1,707,708,709,-1,709,708,710,-1,709,710,711,-1,711,710,712,-1,711,712,713,-1,713,712,686,-1,713,686,685,-1,683,681,689,-1,689,681,687,-1,689,687,691,-1,691,687,686,-1,686,704,702,-1,702,700,686,-1,686,700,698,-1,686,698,696,-1,686,712,704,-1,704,712,710,-1,704,710,706,-1,706,710,708,-1,696,694,686,-1,686,694,692,-1,686,692,691,-1,714,715,716,-1,716,715,717,-1,715,714,718,-1,719,720,718,-1,718,720,721,-1,718,721,715,-1,716,717,722,-1,722,717,723,-1,722,723,724,-1,724,723,725,-1,724,725,726,-1,724,726,727,-1,727,726,728,-1,727,728,729,-1,729,728,730,-1,729,730,731,-1,731,730,732,-1,731,732,733,-1,733,732,734,-1,733,734,735,-1,735,734,736,-1,735,736,737,-1,737,736,738,-1,737,738,739,-1,739,738,740,-1,739,740,741,-1,741,740,742,-1,741,742,743,-1,743,742,744,-1,743,744,745,-1,745,744,746,-1,745,746,747,-1,747,746,720,-1,747,720,719,-1,717,715,723,-1,723,715,721,-1,723,721,725,-1,725,721,720,-1,730,720,732,-1,732,720,734,-1,746,738,720,-1,720,738,736,-1,720,736,734,-1,746,744,738,-1,738,744,742,-1,738,742,740,-1,730,728,720,-1,720,728,726,-1,720,726,725,-1,748,749,750,-1,750,749,751,-1,749,748,752,-1,753,754,752,-1,752,754,755,-1,752,755,749,-1,750,751,756,-1,756,751,757,-1,756,757,758,-1,758,757,759,-1,758,759,760,-1,758,760,761,-1,761,760,762,-1,761,762,763,-1,763,762,764,-1,763,764,765,-1,765,764,766,-1,765,766,767,-1,767,766,768,-1,767,768,769,-1,769,768,770,-1,769,770,771,-1,771,770,772,-1,771,772,773,-1,773,772,774,-1,773,774,775,-1,775,774,776,-1,775,776,777,-1,777,776,778,-1,777,778,779,-1,779,778,780,-1,779,780,781,-1,781,780,754,-1,781,754,753,-1,751,749,757,-1,757,749,755,-1,757,755,759,-1,759,755,754,-1,754,772,770,-1,770,768,754,-1,754,768,766,-1,754,766,764,-1,754,780,772,-1,772,780,778,-1,772,778,774,-1,774,778,776,-1,764,762,754,-1,754,762,760,-1,754,760,759,-1,782,783,784,-1,784,783,785,-1,783,782,786,-1,787,788,786,-1,786,788,789,-1,786,789,783,-1,784,785,790,-1,790,785,791,-1,790,791,792,-1,792,791,793,-1,792,793,794,-1,792,794,795,-1,795,794,796,-1,795,796,797,-1,797,796,798,-1,797,798,799,-1,799,798,800,-1,799,800,801,-1,801,800,802,-1,801,802,803,-1,803,802,804,-1,803,804,805,-1,805,804,806,-1,805,806,807,-1,807,806,808,-1,807,808,809,-1,809,808,810,-1,809,810,811,-1,811,810,812,-1,811,812,813,-1,813,812,814,-1,813,814,815,-1,815,814,788,-1,815,788,787,-1,785,783,791,-1,791,783,789,-1,793,791,789,-1,789,788,793,-1,793,788,814,-1,793,814,812,-1,812,810,793,-1,793,810,808,-1,793,808,806,-1,796,802,798,-1,798,802,800,-1,806,804,793,-1,793,804,802,-1,793,802,794,-1,794,802,796,-1,816,817,818,-1,818,817,819,-1,817,816,820,-1,821,822,820,-1,820,822,823,-1,820,823,817,-1,818,819,824,-1,824,819,825,-1,824,825,826,-1,826,825,827,-1,826,827,828,-1,826,828,829,-1,829,828,830,-1,829,830,831,-1,831,830,832,-1,831,832,833,-1,833,832,834,-1,833,834,835,-1,835,834,836,-1,835,836,837,-1,837,836,838,-1,837,838,839,-1,839,838,840,-1,839,840,841,-1,841,840,842,-1,841,842,843,-1,843,842,844,-1,843,844,845,-1,845,844,846,-1,845,846,847,-1,847,846,848,-1,847,848,849,-1,849,848,822,-1,849,822,821,-1,819,817,825,-1,825,817,823,-1,827,825,823,-1,823,822,827,-1,827,822,848,-1,827,848,846,-1,846,844,827,-1,827,844,842,-1,827,842,840,-1,830,836,832,-1,832,836,834,-1,840,838,827,-1,827,838,836,-1,827,836,828,-1,828,836,830,-1,850,851,852,-1,852,851,853,-1,851,850,854,-1,855,856,854,-1,854,856,857,-1,854,857,851,-1,852,853,858,-1,858,853,859,-1,858,859,860,-1,860,859,861,-1,860,861,862,-1,860,862,863,-1,863,862,864,-1,863,864,865,-1,865,864,866,-1,865,866,867,-1,867,866,868,-1,867,868,869,-1,869,868,870,-1,869,870,871,-1,871,870,872,-1,871,872,873,-1,873,872,874,-1,873,874,875,-1,875,874,876,-1,875,876,877,-1,877,876,878,-1,877,878,879,-1,879,878,880,-1,879,880,881,-1,881,880,882,-1,881,882,883,-1,883,882,856,-1,883,856,855,-1,853,851,859,-1,859,851,857,-1,866,864,856,-1,859,857,861,-1,861,857,856,-1,861,856,862,-1,862,856,864,-1,878,876,880,-1,880,876,882,-1,882,876,856,-1,856,876,874,-1,856,874,872,-1,872,870,856,-1,856,870,868,-1,856,868,866,-1,884,885,886,-1,886,885,887,-1,885,884,888,-1,889,890,888,-1,888,890,891,-1,888,891,885,-1,886,887,892,-1,892,887,893,-1,892,893,894,-1,894,893,895,-1,894,895,896,-1,894,896,897,-1,897,896,898,-1,897,898,899,-1,899,898,900,-1,899,900,901,-1,901,900,902,-1,901,902,903,-1,903,902,904,-1,903,904,905,-1,905,904,906,-1,905,906,907,-1,907,906,908,-1,907,908,909,-1,909,908,910,-1,909,910,911,-1,911,910,912,-1,911,912,913,-1,913,912,914,-1,913,914,915,-1,915,914,916,-1,915,916,917,-1,917,916,890,-1,917,890,889,-1,887,885,893,-1,893,885,891,-1,893,891,895,-1,895,891,890,-1,895,890,896,-1,906,904,890,-1,890,904,902,-1,914,912,916,-1,916,912,910,-1,916,910,890,-1,890,910,908,-1,890,908,906,-1,902,900,890,-1,890,900,898,-1,890,898,896,-1,918,919,920,-1,920,919,921,-1,919,918,922,-1,923,924,922,-1,922,924,925,-1,922,925,919,-1,920,921,926,-1,926,921,927,-1,926,927,928,-1,928,927,929,-1,928,929,930,-1,928,930,931,-1,931,930,932,-1,931,932,933,-1,933,932,934,-1,933,934,935,-1,935,934,936,-1,935,936,937,-1,937,936,938,-1,937,938,939,-1,939,938,940,-1,939,940,941,-1,941,940,942,-1,941,942,943,-1,943,942,944,-1,943,944,945,-1,945,944,946,-1,945,946,947,-1,947,946,948,-1,947,948,949,-1,949,948,950,-1,949,950,951,-1,951,950,924,-1,951,924,923,-1,921,919,927,-1,927,919,925,-1,940,938,924,-1,946,944,948,-1,948,944,950,-1,950,944,924,-1,924,944,942,-1,924,942,940,-1,938,936,924,-1,924,936,934,-1,924,934,932,-1,927,925,929,-1,929,925,924,-1,929,924,930,-1,930,924,932,-1,952,953,954,-1,954,953,955,-1,953,952,956,-1,957,958,956,-1,956,958,959,-1,956,959,953,-1,954,955,960,-1,960,955,961,-1,960,961,962,-1,962,961,963,-1,962,963,964,-1,962,964,965,-1,965,964,966,-1,965,966,967,-1,967,966,968,-1,967,968,969,-1,969,968,970,-1,969,970,971,-1,971,970,972,-1,971,972,973,-1,973,972,974,-1,973,974,975,-1,975,974,976,-1,975,976,977,-1,977,976,978,-1,977,978,979,-1,979,978,980,-1,979,980,981,-1,981,980,982,-1,981,982,983,-1,983,982,984,-1,983,984,985,-1,985,984,958,-1,985,958,957,-1,955,953,961,-1,961,953,959,-1,974,972,958,-1,980,978,982,-1,982,978,984,-1,984,978,958,-1,958,978,976,-1,958,976,974,-1,972,970,958,-1,958,970,968,-1,958,968,966,-1,961,959,963,-1,963,959,958,-1,963,958,964,-1,964,958,966,-1,986,987,988,-1,988,987,989,-1,987,986,990,-1,991,992,990,-1,990,992,993,-1,990,993,987,-1,988,989,994,-1,994,989,995,-1,994,995,996,-1,996,995,997,-1,996,997,998,-1,996,998,999,-1,999,998,1000,-1,999,1000,1001,-1,1001,1000,1002,-1,1001,1002,1003,-1,1003,1002,1004,-1,1003,1004,1005,-1,1005,1004,1006,-1,1005,1006,1007,-1,1007,1006,1008,-1,1007,1008,1009,-1,1009,1008,1010,-1,1009,1010,1011,-1,1011,1010,1012,-1,1011,1012,1013,-1,1013,1012,1014,-1,1013,1014,1015,-1,1015,1014,1016,-1,1015,1016,1017,-1,1017,1016,1018,-1,1017,1018,1019,-1,1019,1018,992,-1,1019,992,991,-1,989,987,995,-1,995,987,993,-1,995,993,997,-1,997,993,992,-1,997,992,998,-1,1008,1006,992,-1,992,1006,1004,-1,1016,1014,1018,-1,1018,1014,1012,-1,1018,1012,992,-1,992,1012,1010,-1,992,1010,1008,-1,1004,1002,992,-1,992,1002,1000,-1,992,1000,998,-1,1020,1021,1022,-1,1022,1021,1023,-1,1021,1020,1024,-1,1025,1026,1024,-1,1024,1026,1027,-1,1024,1027,1021,-1,1022,1023,1028,-1,1028,1023,1029,-1,1028,1029,1030,-1,1030,1029,1031,-1,1030,1031,1032,-1,1030,1032,1033,-1,1033,1032,1034,-1,1033,1034,1035,-1,1035,1034,1036,-1,1035,1036,1037,-1,1037,1036,1038,-1,1037,1038,1039,-1,1039,1038,1040,-1,1039,1040,1041,-1,1041,1040,1042,-1,1041,1042,1043,-1,1043,1042,1044,-1,1043,1044,1045,-1,1045,1044,1046,-1,1045,1046,1047,-1,1047,1046,1048,-1,1047,1048,1049,-1,1049,1048,1050,-1,1049,1050,1051,-1,1051,1050,1052,-1,1051,1052,1053,-1,1053,1052,1026,-1,1053,1026,1025,-1,1023,1021,1029,-1,1029,1021,1027,-1,1036,1034,1026,-1,1029,1027,1031,-1,1031,1027,1026,-1,1031,1026,1032,-1,1032,1026,1034,-1,1048,1046,1050,-1,1050,1046,1052,-1,1052,1046,1026,-1,1026,1046,1044,-1,1026,1044,1042,-1,1042,1040,1026,-1,1026,1040,1038,-1,1026,1038,1036,-1,1054,1055,1056,-1,1056,1055,1057,-1,1055,1054,1058,-1,1059,1060,1058,-1,1058,1060,1061,-1,1058,1061,1055,-1,1056,1057,1062,-1,1062,1057,1063,-1,1062,1063,1064,-1,1064,1063,1065,-1,1064,1065,1066,-1,1064,1066,1067,-1,1067,1066,1068,-1,1067,1068,1069,-1,1069,1068,1070,-1,1069,1070,1071,-1,1071,1070,1072,-1,1071,1072,1073,-1,1073,1072,1074,-1,1073,1074,1075,-1,1075,1074,1076,-1,1075,1076,1077,-1,1077,1076,1078,-1,1077,1078,1079,-1,1079,1078,1080,-1,1079,1080,1081,-1,1081,1080,1082,-1,1081,1082,1083,-1,1083,1082,1084,-1,1083,1084,1085,-1,1085,1084,1086,-1,1085,1086,1087,-1,1087,1086,1060,-1,1087,1060,1059,-1,1057,1055,1063,-1,1063,1055,1061,-1,1070,1068,1060,-1,1063,1061,1065,-1,1065,1061,1060,-1,1065,1060,1066,-1,1066,1060,1068,-1,1082,1080,1084,-1,1084,1080,1086,-1,1086,1080,1060,-1,1060,1080,1078,-1,1060,1078,1076,-1,1076,1074,1060,-1,1060,1074,1072,-1,1060,1072,1070,-1,1088,1089,1090,-1,1090,1089,1091,-1,1092,1088,1093,-1,1093,1088,1090,-1,1094,1092,1095,-1,1095,1092,1093,-1,1096,1094,1097,-1,1097,1094,1095,-1,1089,1096,1091,-1,1091,1096,1097,-1,1089,1088,1096,-1,1096,1088,1092,-1,1096,1092,1094,-1,
        ]
    }
}
Shape{
    appearance Appearance {
        material  Material 	{
            diffuseColor 0.34901960784313724 0.34901960784313724 0.34901960784313724
            specularColor 0.023529411764705882 0.023529411764705882 0.023529411764705882
            ambientIntensity 0.498
            transparency 0.0
            shininess 0.5
        }
    }
    geometry IndexedFaceSet {
        ccw TRUE
        solid FALSE
        coord DEF co Coordinate {
            point [
                -0.7449 -0.8188 0.3583, -0.7449 -0.8188 0.3661, -0.7472 -0.8008 0.3583, -0.7472 -0.8008 0.3661, -0.7542 -0.7841 0.3583, -0.7542 -0.7841 0.3661, -0.7652 -0.7697 0.3583, -0.7652 -0.7697 0.3661, -0.7796 -0.7587 0.3583, -0.7796 -0.7587 0.3661, -0.7963 -0.7517 0.3583, -0.7963 -0.7517 0.3661, -0.8143 -0.7494 0.3583, -0.8143 -0.7494 0.3661, -0.8323 -0.7517 0.3583, -0.8323 -0.7517 0.3661, -0.849 -0.7587 0.3583, -0.849 -0.7587 0.3661, -0.8634 -0.7697 0.3583, -0.8634 -0.7697 0.3661, -0.8745 -0.7841 0.3583, -0.8745 -0.7841 0.3661, -0.8814 -0.8008 0.3583, -0.8814 -0.8008 0.3661, -0.8838 -0.8188 0.3583, -0.8838 -0.8188 0.3661, -0.8814 -0.8368 0.3583, -0.8814 -0.8368 0.3661, -0.8745 -0.8536 0.3583, -0.8745 -0.8536 0.3661, -0.8634 -0.8679 0.3583, -0.8634 -0.8679 0.3661, -0.849 -0.879 0.3583, -0.849 -0.879 0.3661, -0.8323 -0.8859 0.3583, -0.8323 -0.8859 0.3661, -0.8143 -0.8883 0.3583, -0.8143 -0.8883 0.3661, -0.7963 -0.8859 0.3583, -0.7963 -0.8859 0.3661, -0.7796 -0.879 0.3583, -0.7796 -0.879 0.3661, -0.7652 -0.8679 0.3583, -0.7652 -0.8679 0.3661, -0.7542 -0.8536 0.3583, -0.7542 -0.8536 0.3661, -0.7472 -0.8368 0.3583, -0.7472 -0.8368 0.3661, -0.8143 -0.8188 0.3583
            ]
        }
        coordIndex [
            0,1,2,-1,2,1,3,-1,2,3,4,-1,4,3,5,-1,4,5,6,-1,6,5,7,-1,6,7,8,-1,8,7,9,-1,8,9,10,-1,10,9,11,-1,10,11,12,-1,12,11,13,-1,12,13,14,-1,14,13,15,-1,14,15,16,-1,16,15,17,-1,16,17,18,-1,18,17,19,-1,18,19,20,-1,20,19,21,-1,20,21,22,-1,22,21,23,-1,22,23,24,-1,24,23,25,-1,24,25,26,-1,26,25,27,-1,26,27,28,-1,28,27,29,-1,28,29,30,-1,30,29,31,-1,30,31,32,-1,32,31,33,-1,32,33,34,-1,34,33,35,-1,34,35,36,-1,36,35,37,-1,36,37,38,-1,38,37,39,-1,38,39,40,-1,40,39,41,-1,40,41,42,-1,42,41,43,-1,42,43,44,-1,44,43,45,-1,44,45,46,-1,46,45,47,-1,46,47,0,-1,0,47,1,-1,44,46,48,-1,48,46,0,-1,48,0,2,-1,38,40,48,-1,48,40,42,-1,48,42,44,-1,32,34,48,-1,48,34,36,-1,48,36,38,-1,26,28,48,-1,48,28,30,-1,48,30,32,-1,20,22,48,-1,48,22,24,-1,48,24,26,-1,14,16,48,-1,48,16,18,-1,48,18,20,-1,8,10,48,-1,48,10,12,-1,48,12,14,-1,2,4,48,-1,48,4,6,-1,48,6,8,-1,
        ]
    }
}
Shape{
    appearance Appearance {
        material  Material 	{
            diffuseColor 1.0 1.0 1.0
            specularColor 0.5019607843137255 0.5019607843137255 0.5019607843137255
            ambientIntensity 1.0
            transparency 0.0
            shininess 0.5
        }
    }
    geometry IndexedFaceSet {
        ccw TRUE
        solid FALSE
        coord DEF co Coordinate {
            point [
                0.7398 0.7804 0.3701, 0.7361 0.7849 0.3701, 0.7353 0.7809 0.3701, 0.7355 0.7849 0.3701, 0.73 0.7809 0.3701, 0.7254 0.7849 0.3701, 0.73 0.7537 0.3701, 0.7254 0.7496 0.3701, 0.7351 0.7537 0.3701, 0.7351 0.7496 0.3701, 0.7393 0.7541 0.3701, 0.741 0.7503 0.3701, 0.7424 0.7551 0.3701, 0.7451 0.7519 0.3701, 0.7448 0.7566 0.3701, 0.7488 0.7546 0.3701, 0.7456 0.7573 0.3701, 0.7474 0.7597 0.3701, 0.7512 0.7574 0.3701, 0.7486 0.7623 0.3701, 0.7531 0.761 0.3701, 0.7493 0.7656 0.3701, 0.754 0.7651 0.3701, 0.7494 0.7676 0.3701, 0.7541 0.7677 0.3701, 0.7489 0.7716 0.3701, 0.7537 0.7719 0.3701, 0.748 0.7743 0.3701, 0.7526 0.7754 0.3701, 0.7467 0.7763 0.3701, 0.7505 0.7786 0.3701, 0.7455 0.7776 0.3701, 0.7488 0.7803 0.3701, 0.7428 0.7793 0.3701, 0.7456 0.7825 0.3701, 0.7415 0.7842 0.3701, 0.7488 0.7546 0.3661, 0.7512 0.7574 0.3661, 0.7531 0.761 0.3661, 0.754 0.7651 0.3661, 0.7541 0.7677 0.3661, 0.7488 0.7803 0.3661, 0.7489 0.7802 0.3661, 0.7505 0.7786 0.3661, 0.7526 0.7754 0.3661, 0.7537 0.7719 0.3661, 0.7456 0.7825 0.3661, 0.7415 0.7842 0.3661, 0.7361 0.7849 0.3661, 0.7355 0.7849 0.3661, 0.7254 0.7849 0.3661, 0.7254 0.7496 0.3661, 0.7254 0.7802 0.3661, 0.7351 0.7496 0.3661, 0.741 0.7503 0.3661, 0.7451 0.7519 0.3661, 0.7455 0.7776 0.3661, 0.7467 0.7763 0.3661, 0.748 0.7743 0.3661, 0.7489 0.7716 0.3661, 0.7494 0.7676 0.3661, 0.7353 0.7809 0.3661, 0.7398 0.7804 0.3661, 0.7428 0.7793 0.3661, 0.73 0.7809 0.3661, 0.73 0.7537 0.3661, 0.7351 0.7537 0.3661, 0.7456 0.7573 0.3661, 0.7448 0.7566 0.3661, 0.7424 0.7551 0.3661, 0.7393 0.7541 0.3661, 0.7493 0.7656 0.3661, 0.7486 0.7623 0.3661, 0.7474 0.7597 0.3661
            ]
        }
        coordIndex [
            0,1,2,-1,2,1,3,-1,2,3,4,-1,4,3,5,-1,4,5,6,-1,6,5,7,-1,6,7,8,-1,8,7,9,-1,8,9,10,-1,10,9,11,-1,10,11,12,-1,12,11,13,-1,12,13,14,-1,14,13,15,-1,14,15,16,-1,16,15,17,-1,17,15,18,-1,17,18,19,-1,19,18,20,-1,19,20,21,-1,21,20,22,-1,21,22,23,-1,23,22,24,-1,23,24,25,-1,25,24,26,-1,25,26,27,-1,27,26,28,-1,27,28,29,-1,29,28,30,-1,29,30,31,-1,31,30,32,-1,31,32,33,-1,33,32,34,-1,33,34,0,-1,0,34,35,-1,0,35,1,-1,15,36,37,-1,15,37,18,-1,18,37,38,-1,18,38,20,-1,20,38,39,-1,20,39,22,-1,22,39,40,-1,22,40,24,-1,41,32,42,-1,42,32,30,-1,42,30,43,-1,43,30,28,-1,43,28,44,-1,44,28,26,-1,44,26,45,-1,45,26,24,-1,45,24,40,-1,32,41,46,-1,32,46,34,-1,34,46,47,-1,34,47,35,-1,35,47,48,-1,35,48,1,-1,1,48,49,-1,1,49,3,-1,5,3,50,-1,50,3,49,-1,51,7,52,-1,52,7,5,-1,52,5,50,-1,9,7,53,-1,53,7,51,-1,9,53,54,-1,9,54,11,-1,11,54,55,-1,11,55,13,-1,13,55,36,-1,13,36,15,-1,31,56,57,-1,31,57,29,-1,29,57,58,-1,29,58,27,-1,27,58,59,-1,27,59,25,-1,25,59,60,-1,25,60,23,-1,2,61,62,-1,2,62,0,-1,0,62,63,-1,0,63,33,-1,33,63,56,-1,33,56,31,-1,2,4,61,-1,61,4,64,-1,4,6,64,-1,64,6,65,-1,6,8,65,-1,65,8,66,-1,16,67,68,-1,16,68,14,-1,14,68,69,-1,14,69,12,-1,12,69,70,-1,12,70,10,-1,10,70,66,-1,10,66,8,-1,23,60,71,-1,23,71,21,-1,21,71,72,-1,21,72,19,-1,19,72,73,-1,19,73,17,-1,17,73,67,-1,17,67,16,-1,
        ]
    }
}
Shape{
    appearance Appearance {
        material  Material 	{
            diffuseColor 0.20784313725490197 0.20784313725490197 0.20784313725490197
            specularColor 0.01568627450980392 0.01568627450980392 0.01568627450980392
            ambientIntensity 0.298
            transparency 0.0
            shininess 0.5
        }
    }
    geometry IndexedFaceSet {
        ccw TRUE
        solid FALSE
        coord DEF co Coordinate {
            point [
                0.73 0.7809 0.3661, 0.73 0.7537 0.3661, 0.7353 0.7809 0.3661, 0.7351 0.7537 0.3661, 0.7393 0.7541 0.3661, 0.7424 0.7551 0.3661, 0.7448 0.7566 0.3661, 0.7456 0.7573 0.3661, 0.7474 0.7597 0.3661, 0.7486 0.7623 0.3661, 0.7493 0.7656 0.3661, 0.7494 0.7676 0.3661, 0.7489 0.7716 0.3661, 0.748 0.7743 0.3661, 0.7467 0.7763 0.3661, 0.7455 0.7776 0.3661, 0.7398 0.7804 0.3661, 0.7428 0.7793 0.3661
            ]
        }
        coordIndex [
            0,1,2,-1,2,1,3,-1,2,3,4,-1,4,5,2,-1,2,5,6,-1,2,6,7,-1,7,8,2,-1,2,8,9,-1,2,9,10,-1,10,11,2,-1,2,11,12,-1,2,12,13,-1,13,14,2,-1,2,14,15,-1,2,15,16,-1,16,15,17,-1,
        ]
    }
}
Shape{
    appearance Appearance {
        material  Material 	{
            diffuseColor 1.0 1.0 1.0
            specularColor 0.5019607843137255 0.5019607843137255 0.5019607843137255
            ambientIntensity 1.0
            transparency 0.0
            shininess 0.5
        }
    }
    geometry IndexedFaceSet {
        ccw TRUE
        solid FALSE
        coord DEF co Coordinate {
            point [
                0.6835 0.7559 0.3701, 0.6835 0.7559 0.3661, 0.6832 0.7547 0.3661, 0.6832 0.7547 0.3701, 0.683 0.7538 0.3661, 0.683 0.7538 0.3701, 0.6829 0.7538 0.3701, 0.6829 0.7538 0.3661, 0.6823 0.7559 0.3701, 0.6823 0.7559 0.3661, 0.6757 0.7749 0.3701, 0.6757 0.7749 0.3661, 0.6708 0.7749 0.3701, 0.6708 0.7749 0.3661, 0.6807 0.7497 0.3701, 0.6807 0.7497 0.3661, 0.6787 0.7451 0.3661, 0.6787 0.7451 0.3701, 0.6805 0.7493 0.3661, 0.6779 0.7435 0.3661, 0.6779 0.7435 0.3701, 0.677 0.7426 0.3661, 0.677 0.7426 0.3701, 0.6762 0.742 0.3661, 0.6762 0.742 0.3701, 0.6753 0.7417 0.3661, 0.6753 0.7417 0.3701, 0.6742 0.7415 0.3661, 0.6742 0.7415 0.3701, 0.6726 0.7418 0.3661, 0.6726 0.7418 0.3701, 0.6717 0.7421 0.3661, 0.6717 0.7421 0.3701, 0.6717 0.7381 0.3701, 0.6717 0.7381 0.3661, 0.6736 0.7378 0.3661, 0.6736 0.7378 0.3701, 0.6745 0.7378 0.3661, 0.6745 0.7378 0.3701, 0.6763 0.738 0.3661, 0.6763 0.738 0.3701, 0.6781 0.7386 0.3661, 0.6781 0.7386 0.3701, 0.6796 0.7397 0.3661, 0.6796 0.7397 0.3701, 0.6799 0.74 0.3661, 0.6799 0.74 0.3701, 0.6815 0.7419 0.3661, 0.6815 0.7419 0.3701, 0.6835 0.7458 0.3661, 0.6835 0.7458 0.3701, 0.695 0.7749 0.3661, 0.695 0.7749 0.3701, 0.6849 0.7493 0.3661, 0.6904 0.7749 0.3701, 0.6904 0.7749 0.3661, 0.6583 0.749 0.3661, 0.661 0.7493 0.3661, 0.6583 0.749 0.3701, 0.662 0.7495 0.3701, 0.662 0.7495 0.3661, 0.6644 0.7503 0.3661, 0.6644 0.7503 0.3701, 0.6656 0.751 0.3661, 0.6656 0.751 0.3701, 0.6669 0.7521 0.3661, 0.6669 0.7521 0.3701, 0.6677 0.7533 0.3661, 0.6677 0.7533 0.3701, 0.6683 0.7547 0.3661, 0.6683 0.7547 0.3701, 0.6685 0.7565 0.3661, 0.6685 0.7565 0.3701, 0.6683 0.7581 0.3661, 0.6683 0.7581 0.3701, 0.6678 0.7594 0.3661, 0.6678 0.7594 0.3701, 0.667 0.7607 0.3661, 0.667 0.7607 0.3701, 0.6659 0.7616 0.3661, 0.6659 0.7616 0.3701, 0.663 0.7632 0.3661, 0.663 0.7632 0.3701, 0.6613 0.7639 0.3661, 0.6613 0.7639 0.3701, 0.6586 0.7651 0.3661, 0.6586 0.7651 0.3701, 0.657 0.7661 0.3661, 0.657 0.7661 0.3701, 0.6566 0.7666 0.3661, 0.6566 0.7666 0.3701, 0.6562 0.7672 0.3661, 0.6562 0.7672 0.3701, 0.6561 0.7679 0.3661, 0.6561 0.7679 0.3701, 0.656 0.7684 0.3661, 0.656 0.7684 0.3701, 0.6561 0.7691 0.3661, 0.6561 0.7691 0.3701, 0.6563 0.7697 0.3661, 0.6563 0.7697 0.3701, 0.6567 0.7703 0.3661, 0.6567 0.7703 0.3701, 0.6574 0.7709 0.3661, 0.6574 0.7709 0.3701, 0.6584 0.7714 0.3661, 0.6584 0.7714 0.3701, 0.6595 0.7717 0.3661, 0.6595 0.7717 0.3701, 0.6609 0.7718 0.3661, 0.6609 0.7718 0.3701, 0.6641 0.7714 0.3661, 0.6641 0.7714 0.3701, 0.6665 0.7704 0.3661, 0.6665 0.7704 0.3701, 0.6673 0.77 0.3661, 0.6673 0.77 0.3701, 0.6673 0.7743 0.3701, 0.6673 0.7743 0.3661, 0.664 0.7752 0.3661, 0.664 0.7752 0.3701, 0.6613 0.7754 0.3661, 0.6613 0.7754 0.3701, 0.6578 0.775 0.3661, 0.6578 0.775 0.3701, 0.6554 0.7741 0.3661, 0.6554 0.7741 0.3701, 0.6543 0.7734 0.3661, 0.6543 0.7734 0.3701, 0.6535 0.7727 0.3661, 0.653 0.7722 0.3701, 0.653 0.7722 0.3661, 0.6522 0.7711 0.3661, 0.6522 0.7711 0.3701, 0.6516 0.7696 0.3661, 0.6516 0.7696 0.3701, 0.6515 0.768 0.3661, 0.6515 0.768 0.3701, 0.6517 0.7663 0.3661, 0.6517 0.7663 0.3701, 0.6521 0.765 0.3661, 0.6521 0.765 0.3701, 0.6527 0.7641 0.3661, 0.6527 0.7641 0.3701, 0.6582 0.7607 0.3661, 0.6582 0.7607 0.3701, 0.6555 0.7619 0.3701, 0.6534 0.7633 0.3661, 0.6534 0.7633 0.3701, 0.6535 0.7633 0.3661, 0.6555 0.7619 0.3661, 0.6611 0.7595 0.3661, 0.6611 0.7595 0.3701, 0.6628 0.7585 0.3661, 0.6628 0.7585 0.3701, 0.6633 0.7579 0.3661, 0.6633 0.7579 0.3701, 0.6637 0.7573 0.3661, 0.6637 0.7573 0.3701, 0.6639 0.7566 0.3661, 0.6639 0.7566 0.3701, 0.6639 0.7561 0.3661, 0.6639 0.7561 0.3701, 0.6638 0.7552 0.3661, 0.6638 0.7552 0.3701, 0.6636 0.7546 0.3661, 0.6636 0.7546 0.3701, 0.6632 0.754 0.3661, 0.6632 0.754 0.3701, 0.6627 0.7536 0.3661, 0.6627 0.7536 0.3701, 0.6623 0.7533 0.3661, 0.6623 0.7533 0.3701, 0.6612 0.7529 0.3661, 0.6612 0.7529 0.3701, 0.6589 0.7527 0.3661, 0.6589 0.7527 0.3701, 0.6587 0.7526 0.3661, 0.6587 0.7526 0.3701, 0.6514 0.7551 0.3661, 0.6514 0.7551 0.3701, 0.6532 0.754 0.3701, 0.6559 0.753 0.3661, 0.6559 0.753 0.3701, 0.6535 0.7539 0.3661, 0.6532 0.754 0.3661, 0.6514 0.7505 0.3701, 0.6514 0.7505 0.3661, 0.6535 0.7498 0.3661, 0.6545 0.7494 0.3701, 0.6554 0.7493 0.3661, 0.6545 0.7494 0.3661, 0.641 0.7496 0.3701, 0.6455 0.7496 0.3701, 0.641 0.7535 0.3701, 0.6455 0.7659 0.3701, 0.641 0.7657 0.3701, 0.6315 0.7604 0.3701, 0.6325 0.7609 0.3701, 0.6351 0.7615 0.3701, 0.641 0.7623 0.3701, 0.641 0.7599 0.3701, 0.6409 0.7676 0.3701, 0.645 0.7695 0.3701, 0.6404 0.7692 0.3701, 0.6443 0.7714 0.3701, 0.6399 0.7701 0.3701, 0.6434 0.7728 0.3701, 0.6392 0.7708 0.3701, 0.6425 0.7737 0.3701, 0.6384 0.7713 0.3701, 0.641 0.7745 0.3701, 0.6374 0.7717 0.3701, 0.6392 0.7751 0.3701, 0.6359 0.7718 0.3701, 0.6363 0.7754 0.3701, 0.6334 0.7716 0.3701, 0.6324 0.775 0.3701, 0.6306 0.7707 0.3701, 0.629 0.7738 0.3701, 0.6277 0.7688 0.3701, 0.6277 0.7731 0.3701, 0.641 0.7596 0.3701, 0.6407 0.7576 0.3701, 0.6401 0.756 0.3701, 0.6409 0.7535 0.3701, 0.6391 0.7547 0.3701, 0.6402 0.7525 0.3701, 0.6386 0.7542 0.3701, 0.6388 0.751 0.3701, 0.6373 0.7533 0.3701, 0.6373 0.7499 0.3701, 0.636 0.7529 0.3701, 0.6355 0.7493 0.3701, 0.6343 0.7527 0.3701, 0.6332 0.749 0.3701, 0.6328 0.7528 0.3701, 0.6305 0.7493 0.3701, 0.6318 0.7532 0.3701, 0.6288 0.75 0.3701, 0.631 0.7538 0.3701, 0.6274 0.751 0.3701, 0.6306 0.7542 0.3701, 0.6336 0.7646 0.3701, 0.63 0.7637 0.3701, 0.6308 0.7599 0.3701, 0.6282 0.7627 0.3701, 0.6303 0.7593 0.3701, 0.6269 0.7615 0.3701, 0.6299 0.7585 0.3701, 0.6259 0.7601 0.3701, 0.6297 0.7574 0.3701, 0.6254 0.7585 0.3701, 0.6297 0.7567 0.3701, 0.6252 0.7564 0.3701, 0.6298 0.7557 0.3701, 0.6254 0.7544 0.3701, 0.6301 0.7549 0.3701, 0.6259 0.7529 0.3701, 0.6269 0.7515 0.3701, 0.6359 0.7718 0.3661, 0.6374 0.7717 0.3661, 0.6384 0.7713 0.3661, 0.6392 0.7708 0.3661, 0.6399 0.7701 0.3661, 0.6404 0.7692 0.3661, 0.6409 0.7676 0.3661, 0.641 0.7657 0.3661, 0.6336 0.7646 0.3661, 0.63 0.7637 0.3661, 0.6282 0.7627 0.3661, 0.6269 0.7615 0.3661, 0.6259 0.7601 0.3661, 0.6254 0.7585 0.3661, 0.6252 0.7564 0.3661, 0.6254 0.7544 0.3661, 0.6259 0.7529 0.3661, 0.6269 0.7515 0.3661, 0.6274 0.751 0.3661, 0.6332 0.749 0.3661, 0.6306 0.7493 0.3661, 0.6305 0.7493 0.3661, 0.6288 0.75 0.3661, 0.6355 0.7493 0.3661, 0.6356 0.7493 0.3661, 0.6373 0.7499 0.3661, 0.6388 0.751 0.3661, 0.6402 0.7525 0.3661, 0.6409 0.7535 0.3661, 0.641 0.7535 0.3661, 0.641 0.7496 0.3661, 0.6455 0.7496 0.3661, 0.6455 0.7659 0.3661, 0.645 0.7695 0.3661, 0.6443 0.7714 0.3661, 0.6434 0.7728 0.3661, 0.6425 0.7737 0.3661, 0.641 0.7745 0.3661, 0.6392 0.7751 0.3661, 0.6363 0.7754 0.3661, 0.6324 0.775 0.3661, 0.629 0.7738 0.3661, 0.6277 0.7731 0.3661, 0.6277 0.7688 0.3661, 0.6306 0.7707 0.3661, 0.6334 0.7716 0.3661, 0.6391 0.7547 0.3661, 0.6386 0.7542 0.3661, 0.6373 0.7533 0.3661, 0.636 0.7529 0.3661, 0.6343 0.7527 0.3661, 0.641 0.7599 0.3661, 0.641 0.7596 0.3661, 0.6407 0.7576 0.3661, 0.6401 0.756 0.3661, 0.641 0.7623 0.3661, 0.6351 0.7615 0.3661, 0.6308 0.7599 0.3661, 0.6315 0.7604 0.3661, 0.6325 0.7609 0.3661, 0.6297 0.7567 0.3661, 0.6297 0.7574 0.3661, 0.6299 0.7585 0.3661, 0.6303 0.7593 0.3661, 0.631 0.7538 0.3661, 0.6306 0.7542 0.3661, 0.6301 0.7549 0.3661, 0.6298 0.7557 0.3661, 0.6328 0.7528 0.3661, 0.6318 0.7532 0.3661
            ]
        }
        coordIndex [
            0,1,2,-1,0,2,3,-1,3,2,4,-1,3,4,5,-1,6,5,7,-1,7,5,4,-1,8,6,9,-1,9,6,7,-1,10,8,11,-1,11,8,9,-1,12,10,13,-1,13,10,11,-1,14,12,15,-1,15,12,13,-1,16,17,18,-1,18,17,14,-1,18,14,15,-1,17,16,19,-1,17,19,20,-1,20,19,21,-1,20,21,22,-1,22,21,23,-1,22,23,24,-1,24,23,25,-1,24,25,26,-1,26,25,27,-1,26,27,28,-1,28,27,29,-1,28,29,30,-1,30,29,31,-1,30,31,32,-1,33,32,34,-1,34,32,31,-1,33,34,35,-1,33,35,36,-1,36,35,37,-1,36,37,38,-1,38,37,39,-1,38,39,40,-1,40,39,41,-1,40,41,42,-1,42,41,43,-1,42,43,44,-1,44,43,45,-1,44,45,46,-1,46,45,47,-1,46,47,48,-1,48,47,49,-1,48,49,50,-1,51,52,53,-1,53,52,50,-1,53,50,49,-1,54,52,55,-1,55,52,51,-1,0,54,1,-1,1,54,55,-1,3,5,50,-1,52,54,50,-1,50,54,0,-1,50,0,3,-1,10,12,8,-1,8,12,14,-1,8,14,6,-1,48,20,46,-1,46,20,22,-1,32,33,30,-1,30,33,36,-1,30,36,28,-1,28,36,38,-1,28,38,26,-1,26,38,40,-1,26,40,24,-1,24,40,42,-1,24,42,22,-1,22,42,44,-1,22,44,46,-1,5,6,50,-1,50,6,14,-1,50,14,48,-1,48,14,17,-1,48,17,20,-1,56,57,58,-1,58,57,59,-1,57,60,59,-1,59,60,61,-1,59,61,62,-1,62,61,63,-1,62,63,64,-1,64,63,65,-1,64,65,66,-1,66,65,67,-1,66,67,68,-1,68,67,69,-1,68,69,70,-1,70,69,71,-1,70,71,72,-1,72,71,73,-1,72,73,74,-1,74,73,75,-1,74,75,76,-1,76,75,77,-1,76,77,78,-1,78,77,79,-1,78,79,80,-1,80,79,81,-1,80,81,82,-1,82,81,83,-1,82,83,84,-1,84,83,85,-1,84,85,86,-1,86,85,87,-1,86,87,88,-1,88,87,89,-1,88,89,90,-1,90,89,91,-1,90,91,92,-1,92,91,93,-1,92,93,94,-1,94,93,95,-1,94,95,96,-1,96,95,97,-1,96,97,98,-1,98,97,99,-1,98,99,100,-1,100,99,101,-1,100,101,102,-1,102,101,103,-1,102,103,104,-1,104,103,105,-1,104,105,106,-1,106,105,107,-1,106,107,108,-1,108,107,109,-1,108,109,110,-1,110,109,111,-1,110,111,112,-1,112,111,113,-1,112,113,114,-1,114,113,115,-1,114,115,116,-1,117,116,118,-1,118,116,115,-1,117,118,119,-1,117,119,120,-1,120,119,121,-1,120,121,122,-1,122,121,123,-1,122,123,124,-1,124,123,125,-1,124,125,126,-1,126,125,127,-1,126,127,128,-1,127,129,128,-1,128,129,130,-1,129,131,130,-1,130,131,132,-1,130,132,133,-1,133,132,134,-1,133,134,135,-1,135,134,136,-1,135,136,137,-1,137,136,138,-1,137,138,139,-1,139,138,140,-1,139,140,141,-1,141,140,142,-1,141,142,143,-1,144,145,146,-1,143,142,147,-1,143,147,148,-1,148,147,149,-1,148,149,146,-1,146,149,150,-1,146,150,144,-1,145,144,151,-1,145,151,152,-1,152,151,153,-1,152,153,154,-1,154,153,155,-1,154,155,156,-1,156,155,157,-1,156,157,158,-1,158,157,159,-1,158,159,160,-1,160,159,161,-1,160,161,162,-1,162,161,163,-1,162,163,164,-1,164,163,165,-1,164,165,166,-1,166,165,167,-1,166,167,168,-1,168,167,169,-1,168,169,170,-1,170,169,171,-1,170,171,172,-1,172,171,173,-1,172,173,174,-1,174,173,175,-1,174,175,176,-1,176,175,177,-1,176,177,178,-1,179,180,181,-1,178,177,182,-1,178,182,183,-1,183,182,184,-1,183,184,181,-1,181,184,185,-1,181,185,179,-1,186,180,187,-1,187,180,179,-1,187,188,186,-1,186,188,189,-1,56,58,190,-1,190,58,189,-1,190,189,191,-1,191,189,188,-1,102,104,126,-1,126,104,124,-1,152,84,145,-1,145,84,86,-1,62,64,168,-1,168,64,66,-1,168,66,166,-1,166,66,68,-1,166,68,164,-1,164,68,70,-1,164,70,162,-1,162,70,72,-1,162,72,160,-1,160,72,74,-1,160,74,158,-1,158,74,76,-1,158,76,156,-1,156,76,78,-1,156,78,154,-1,154,78,80,-1,154,80,152,-1,152,80,82,-1,152,82,84,-1,58,178,189,-1,189,178,183,-1,189,183,186,-1,186,183,181,-1,186,181,180,-1,104,106,124,-1,124,106,108,-1,124,108,122,-1,122,108,110,-1,122,110,120,-1,120,110,112,-1,120,112,117,-1,117,112,114,-1,117,114,116,-1,168,170,62,-1,62,170,172,-1,62,172,59,-1,59,172,174,-1,59,174,58,-1,58,174,176,-1,58,176,178,-1,126,128,102,-1,102,128,130,-1,102,130,100,-1,100,130,133,-1,100,133,98,-1,98,133,135,-1,98,135,96,-1,96,135,137,-1,96,137,94,-1,94,137,139,-1,94,139,92,-1,92,139,141,-1,92,141,90,-1,90,141,143,-1,90,143,88,-1,88,143,148,-1,88,148,86,-1,86,148,146,-1,86,146,145,-1,192,193,194,-1,194,193,195,-1,196,197,198,-1,199,200,195,-1,195,200,201,-1,198,199,196,-1,196,199,195,-1,196,195,202,-1,202,195,203,-1,202,203,204,-1,204,203,205,-1,204,205,206,-1,206,205,207,-1,206,207,208,-1,208,207,209,-1,208,209,210,-1,210,209,211,-1,210,211,212,-1,212,211,213,-1,212,213,214,-1,214,213,215,-1,214,215,216,-1,216,215,217,-1,216,217,218,-1,218,217,219,-1,218,219,220,-1,220,219,221,-1,201,222,195,-1,195,222,223,-1,195,223,194,-1,194,223,224,-1,194,224,225,-1,225,224,226,-1,225,226,227,-1,227,226,228,-1,227,228,229,-1,229,228,230,-1,229,230,231,-1,231,230,232,-1,231,232,233,-1,233,232,234,-1,233,234,235,-1,235,234,236,-1,235,236,237,-1,237,236,238,-1,237,238,239,-1,239,238,240,-1,239,240,241,-1,241,240,242,-1,196,243,197,-1,197,243,244,-1,197,244,245,-1,245,244,246,-1,245,246,247,-1,247,246,248,-1,247,248,249,-1,249,248,250,-1,249,250,251,-1,251,250,252,-1,251,252,253,-1,253,252,254,-1,253,254,255,-1,255,254,256,-1,255,256,257,-1,257,256,258,-1,257,258,242,-1,242,258,259,-1,242,259,241,-1,214,260,261,-1,214,261,212,-1,212,261,262,-1,212,262,210,-1,210,262,263,-1,210,263,208,-1,208,263,264,-1,208,264,206,-1,206,264,265,-1,206,265,204,-1,204,265,266,-1,204,266,202,-1,202,266,267,-1,202,267,196,-1,243,196,268,-1,268,196,267,-1,243,268,269,-1,243,269,244,-1,244,269,270,-1,244,270,246,-1,246,270,271,-1,246,271,248,-1,248,271,272,-1,248,272,250,-1,250,272,273,-1,250,273,252,-1,252,273,274,-1,252,274,254,-1,254,274,275,-1,254,275,256,-1,256,275,276,-1,256,276,258,-1,258,276,277,-1,258,277,259,-1,259,277,278,-1,259,278,241,-1,279,235,280,-1,280,235,237,-1,280,237,281,-1,281,237,239,-1,281,239,282,-1,282,239,241,-1,282,241,278,-1,235,279,283,-1,235,283,233,-1,233,283,284,-1,233,284,231,-1,284,285,231,-1,231,285,286,-1,231,286,229,-1,229,286,287,-1,229,287,227,-1,227,287,288,-1,227,288,225,-1,194,225,289,-1,289,225,288,-1,192,194,290,-1,290,194,289,-1,193,192,291,-1,291,192,290,-1,195,193,292,-1,292,193,291,-1,195,292,293,-1,195,293,203,-1,203,293,294,-1,203,294,205,-1,205,294,295,-1,205,295,207,-1,207,295,296,-1,207,296,209,-1,209,296,297,-1,209,297,211,-1,211,297,298,-1,211,298,213,-1,213,298,299,-1,213,299,215,-1,215,299,300,-1,215,300,217,-1,217,300,301,-1,217,301,219,-1,219,301,302,-1,219,302,221,-1,220,221,303,-1,303,221,302,-1,220,303,304,-1,220,304,218,-1,218,304,305,-1,218,305,216,-1,216,305,260,-1,216,260,214,-1,226,306,307,-1,226,307,228,-1,228,307,308,-1,228,308,230,-1,230,308,309,-1,230,309,232,-1,232,309,310,-1,232,310,234,-1,201,311,312,-1,201,312,222,-1,222,312,313,-1,222,313,223,-1,223,313,314,-1,223,314,224,-1,224,314,306,-1,224,306,226,-1,201,200,311,-1,311,200,315,-1,200,199,315,-1,315,199,316,-1,245,317,318,-1,245,318,197,-1,197,318,319,-1,197,319,198,-1,198,319,316,-1,198,316,199,-1,253,320,321,-1,253,321,251,-1,251,321,322,-1,251,322,249,-1,249,322,323,-1,249,323,247,-1,247,323,317,-1,247,317,245,-1,240,324,325,-1,240,325,242,-1,242,325,326,-1,242,326,257,-1,257,326,327,-1,257,327,255,-1,255,327,320,-1,255,320,253,-1,234,310,328,-1,234,328,236,-1,236,328,329,-1,236,329,238,-1,238,329,324,-1,238,324,240,-1,
        ]
    }
}
Shape{
    appearance Appearance {
        material  Material 	{
            diffuseColor 0.20784313725490197 0.20784313725490197 0.20784313725490197
            specularColor 0.01568627450980392 0.01568627450980392 0.01568627450980392
            ambientIntensity 0.298
            transparency 0.0
            shininess 0.5
        }
    }
    geometry IndexedFaceSet {
        ccw TRUE
        solid FALSE
        coord DEF co Coordinate {
            point [
                0.641 0.7623 0.3661, 0.6351 0.7615 0.3661, 0.641 0.7599 0.3661, 0.6325 0.7609 0.3661, 0.6315 0.7604 0.3661, 0.6308 0.7599 0.3661, 0.641 0.7596 0.3661, 0.6407 0.7576 0.3661, 0.6303 0.7593 0.3661, 0.6401 0.756 0.3661, 0.6306 0.7542 0.3661, 0.631 0.7538 0.3661, 0.6386 0.7542 0.3661, 0.6301 0.7549 0.3661, 0.6373 0.7533 0.3661, 0.636 0.7529 0.3661, 0.6343 0.7527 0.3661, 0.6299 0.7585 0.3661, 0.6297 0.7574 0.3661, 0.6391 0.7547 0.3661, 0.6297 0.7567 0.3661, 0.6298 0.7557 0.3661, 0.6318 0.7532 0.3661, 0.6328 0.7528 0.3661
            ]
        }
        coordIndex [
            0,1,2,-1,2,1,3,-1,3,4,2,-1,2,4,5,-1,2,5,6,-1,6,5,7,-1,7,5,8,-1,7,8,9,-1,10,11,12,-1,10,12,13,-1,14,12,15,-1,15,12,16,-1,8,17,9,-1,9,17,18,-1,9,18,19,-1,19,18,20,-1,19,20,12,-1,12,20,21,-1,12,21,13,-1,11,22,12,-1,12,22,23,-1,12,23,16,-1,
        ]
    }
}
Shape{
    appearance Appearance {
        material  Material 	{
            diffuseColor 1.0 1.0 1.0
            specularColor 0.5019607843137255 0.5019607843137255 0.5019607843137255
            ambientIntensity 1.0
            transparency 0.0
            shininess 0.5
        }
    }
    geometry IndexedFaceSet {
        ccw TRUE
        solid FALSE
        coord DEF co Coordinate {
            point [
                0.446 0.7446 0.3701, 0.4498 0.74 0.3701, 0.4438 0.7668 0.3701, 0.4925 0.7606 0.3701, 0.5276 0.7791 0.3701, 0.4768 0.759 0.3701, 0.4763 0.7613 0.3701, 0.4394 0.8104 0.3701, 0.445 0.8134 0.3701, 0.4437 0.8289 0.3701, 0.4862 0.7749 0.3701, 0.4671 0.7676 0.3701, 0.4692 0.7674 0.3701, 0.4593 0.8296 0.3701, 0.4671 0.8113 0.3701, 0.471 0.8192 0.3701, 0.4715 0.7665 0.3701, 0.4736 0.7652 0.3701, 0.4752 0.7634 0.3701, 0.4383 0.7702 0.3701, 0.4403 0.751 0.3701, 0.4435 0.75 0.3701, 0.4536 0.8301 0.3701, 0.5198 0.7924 0.3701, 0.4925 0.758 0.3701, 0.4768 0.7567 0.3701, 0.4923 0.7554 0.3701, 0.4647 0.7673 0.3701, 0.4614 0.7827 0.3701, 0.4625 0.7664 0.3701, 0.4558 0.7805 0.3701, 0.4605 0.765 0.3701, 0.4507 0.777 0.3701, 0.4595 0.764 0.3701, 0.4465 0.7722 0.3701, 0.4582 0.7619 0.3701, 0.4575 0.7595 0.3701, 0.4574 0.7571 0.3701, 0.4765 0.7817 0.3701, 0.4704 0.7832 0.3701, 0.4674 0.7834 0.3701, 0.5359 0.804 0.3701, 0.5379 0.804 0.3701, 0.5482 0.8175 0.3701, 0.5427 0.8034 0.3701, 0.5494 0.8171 0.3701, 0.5471 0.8017 0.3701, 0.5569 0.8134 0.3701, 0.5637 0.8077 0.3701, 0.4645 0.8356 0.3701, 0.4766 0.8259 0.3701, 0.4704 0.8406 0.3701, 0.4833 0.8308 0.3701, 0.4765 0.8444 0.3701, 0.4512 0.8149 0.3701, 0.4538 0.815 0.3701, 0.4565 0.8299 0.3701, 0.4597 0.8143 0.3701, 0.4654 0.8122 0.3701, 0.5638 0.7608 0.3701, 0.5521 0.7708 0.3701, 0.5569 0.755 0.3701, 0.5484 0.7678 0.3701, 0.5493 0.7513 0.3701, 0.5439 0.7657 0.3701, 0.5409 0.7495 0.3701, 0.5394 0.7648 0.3701, 0.5261 0.7495 0.3701, 0.5281 0.7648 0.3701, 0.5247 0.7497 0.3701, 0.4818 0.7789 0.3701, 0.551 0.799 0.3701, 0.5538 0.7958 0.3701, 0.5688 0.8005 0.3701, 0.5562 0.7915 0.3701, 0.5719 0.7929 0.3701, 0.5574 0.7866 0.3701, 0.5731 0.7847 0.3701, 0.5575 0.7844 0.3701, 0.5719 0.7757 0.3701, 0.5569 0.7795 0.3701, 0.5688 0.7678 0.3701, 0.5552 0.775 0.3701, 0.5524 0.7711 0.3701, 0.5346 0.8374 0.3701, 0.5248 0.8259 0.3701, 0.543 0.8277 0.3701, 0.5305 0.8191 0.3701, 0.5344 0.811 0.3701, 0.4295 0.796 0.3701, 0.413 0.7918 0.3701, 0.4287 0.7899 0.3701, 0.4129 0.7894 0.3701, 0.429 0.786 0.3701, 0.4141 0.7796 0.3701, 0.4308 0.7799 0.3701, 0.4177 0.7702 0.3701, 0.4338 0.7748 0.3701, 0.4234 0.7621 0.3701, 0.4313 0.7554 0.3701, 0.4578 0.7547 0.3701, 0.4588 0.7526 0.3701, 0.4881 0.8489 0.3701, 0.4915 0.8342 0.3701, 0.5005 0.8504 0.3701, 0.5008 0.8354 0.3701, 0.5109 0.8493 0.3701, 0.5093 0.8343 0.3701, 0.5234 0.8449 0.3701, 0.5172 0.8313 0.3701, 0.5242 0.8264 0.3701, 0.4344 0.8253 0.3701, 0.4264 0.8196 0.3701, 0.4351 0.8066 0.3701, 0.4247 0.818 0.3701, 0.4316 0.8016 0.3701, 0.4187 0.8103 0.3701, 0.4147 0.8013 0.3701, 0.4909 0.7492 0.3701, 0.4762 0.7543 0.3701, 0.4879 0.7436 0.3701, 0.4751 0.7521 0.3701, 0.4841 0.7393 0.3701, 0.4737 0.7506 0.3701, 0.4791 0.7358 0.3701, 0.4718 0.7492 0.3701, 0.4735 0.7337 0.3701, 0.4696 0.7483 0.3701, 0.4674 0.7329 0.3701, 0.4671 0.748 0.3701, 0.4664 0.733 0.3701, 0.4667 0.748 0.3701, 0.4605 0.7339 0.3701, 0.4644 0.7484 0.3701, 0.4547 0.7363 0.3701, 0.4622 0.7494 0.3701, 0.4602 0.7508 0.3701, 0.5269 0.7651 0.3701, 0.5208 0.7521 0.3701, 0.5214 0.7516 0.3701, 0.5276 0.7649 0.3701, 0.523 0.7504 0.3701, 0.5188 0.7573 0.3701, 0.5191 0.7554 0.3701, 0.5197 0.7537 0.3701, 0.5247 0.7648 0.3701, 0.5229 0.7641 0.3701, 0.5189 0.7583 0.3701, 0.5214 0.7631 0.3701, 0.5204 0.7619 0.3701, 0.5194 0.7602 0.3701, 0.5266 0.7651 0.3701, 0.5688 0.8005 0.3661, 0.5719 0.7929 0.3661, 0.5731 0.7847 0.3661, 0.5654 0.8053 0.3661, 0.5637 0.8077 0.3661, 0.5569 0.8134 0.3661, 0.5494 0.8171 0.3661, 0.5482 0.8175 0.3661, 0.543 0.8277 0.3661, 0.5346 0.8374 0.3661, 0.5289 0.8412 0.3661, 0.5234 0.8449 0.3661, 0.5109 0.8493 0.3661, 0.5005 0.8504 0.3661, 0.4704 0.8406 0.3661, 0.4714 0.8412 0.3661, 0.4765 0.8444 0.3661, 0.4881 0.8489 0.3661, 0.4645 0.8356 0.3661, 0.4593 0.8296 0.3661, 0.4565 0.8299 0.3661, 0.4536 0.8301 0.3661, 0.4437 0.8289 0.3661, 0.4344 0.8253 0.3661, 0.4264 0.8196 0.3661, 0.4247 0.818 0.3661, 0.4187 0.8103 0.3661, 0.4165 0.8053 0.3661, 0.4147 0.8013 0.3661, 0.413 0.7918 0.3661, 0.4129 0.7894 0.3661, 0.414 0.7802 0.3661, 0.4141 0.7796 0.3661, 0.4177 0.7702 0.3661, 0.4234 0.7621 0.3661, 0.4313 0.7554 0.3661, 0.4403 0.751 0.3661, 0.4435 0.75 0.3661, 0.4438 0.7493 0.3661, 0.446 0.7446 0.3661, 0.4498 0.74 0.3661, 0.4547 0.7363 0.3661, 0.457 0.7354 0.3661, 0.4605 0.7339 0.3661, 0.4664 0.733 0.3661, 0.4674 0.7329 0.3661, 0.4925 0.758 0.3661, 0.4735 0.7337 0.3661, 0.4778 0.7354 0.3661, 0.4791 0.7358 0.3661, 0.4841 0.7393 0.3661, 0.4879 0.7436 0.3661, 0.4909 0.7492 0.3661, 0.4909 0.7493 0.3661, 0.4923 0.7554 0.3661, 0.4925 0.7606 0.3661, 0.5276 0.7791 0.3661, 0.5198 0.7924 0.3661, 0.527 0.7802 0.3661, 0.4964 0.7802 0.3661, 0.4862 0.7749 0.3661, 0.4818 0.7789 0.3661, 0.4793 0.7802 0.3661, 0.4765 0.7817 0.3661, 0.4704 0.7832 0.3661, 0.4674 0.7834 0.3661, 0.4614 0.7827 0.3661, 0.4558 0.7805 0.3661, 0.4553 0.7802 0.3661, 0.4507 0.777 0.3661, 0.4465 0.7722 0.3661, 0.4438 0.7668 0.3661, 0.4287 0.7899 0.3661, 0.4383 0.7702 0.3661, 0.4338 0.7748 0.3661, 0.4308 0.7799 0.3661, 0.4307 0.7802 0.3661, 0.429 0.786 0.3661, 0.4295 0.796 0.3661, 0.4316 0.8016 0.3661, 0.4342 0.8053 0.3661, 0.4351 0.8066 0.3661, 0.4394 0.8104 0.3661, 0.445 0.8134 0.3661, 0.4512 0.8149 0.3661, 0.4538 0.815 0.3661, 0.4597 0.8143 0.3661, 0.4654 0.8122 0.3661, 0.4671 0.8113 0.3661, 0.471 0.8192 0.3661, 0.4766 0.8259 0.3661, 0.4833 0.8308 0.3661, 0.4915 0.8342 0.3661, 0.5008 0.8354 0.3661, 0.5359 0.804 0.3661, 0.5356 0.8053 0.3661, 0.5344 0.811 0.3661, 0.5305 0.8191 0.3661, 0.5248 0.8259 0.3661, 0.5242 0.8264 0.3661, 0.5172 0.8313 0.3661, 0.5093 0.8343 0.3661, 0.5379 0.804 0.3661, 0.5427 0.8034 0.3661, 0.5471 0.8017 0.3661, 0.551 0.799 0.3661, 0.5538 0.7958 0.3661, 0.5562 0.7915 0.3661, 0.5574 0.7866 0.3661, 0.5575 0.7844 0.3661, 0.557 0.7802 0.3661, 0.5569 0.7795 0.3661, 0.5552 0.775 0.3661, 0.5524 0.7711 0.3661, 0.5521 0.7708 0.3661, 0.5484 0.7678 0.3661, 0.5439 0.7657 0.3661, 0.5394 0.7648 0.3661, 0.5281 0.7648 0.3661, 0.5276 0.7649 0.3661, 0.5269 0.7651 0.3661, 0.5266 0.7651 0.3661, 0.5247 0.7648 0.3661, 0.5229 0.7641 0.3661, 0.5214 0.7631 0.3661, 0.5204 0.7619 0.3661, 0.5194 0.7602 0.3661, 0.5189 0.7583 0.3661, 0.5188 0.7573 0.3661, 0.5191 0.7554 0.3661, 0.5197 0.7537 0.3661, 0.5208 0.7521 0.3661, 0.5214 0.7516 0.3661, 0.523 0.7504 0.3661, 0.5247 0.7497 0.3661, 0.5261 0.7495 0.3661, 0.5409 0.7495 0.3661, 0.5493 0.7513 0.3661, 0.5569 0.755 0.3661, 0.5638 0.7608 0.3661, 0.5688 0.7678 0.3661, 0.5719 0.7757 0.3661, 0.5725 0.7802 0.3661, 0.4671 0.7676 0.3661, 0.4692 0.7674 0.3661, 0.4715 0.7665 0.3661, 0.4736 0.7652 0.3661, 0.4752 0.7634 0.3661, 0.4763 0.7613 0.3661, 0.4768 0.759 0.3661, 0.4768 0.7567 0.3661, 0.4762 0.7543 0.3661, 0.4751 0.7521 0.3661, 0.4737 0.7506 0.3661, 0.4718 0.7492 0.3661, 0.4696 0.7483 0.3661, 0.4671 0.748 0.3661, 0.4667 0.748 0.3661, 0.4644 0.7484 0.3661, 0.4622 0.7494 0.3661, 0.4602 0.7508 0.3661, 0.4588 0.7526 0.3661, 0.4578 0.7547 0.3661, 0.4574 0.7571 0.3661, 0.4575 0.7595 0.3661, 0.4582 0.7619 0.3661, 0.4595 0.764 0.3661, 0.4605 0.765 0.3661, 0.4625 0.7664 0.3661, 0.4647 0.7673 0.3661
            ]
        }
        coordIndex [
            0,1,2,-1,3,4,5,-1,5,4,6,-1,7,8,9,-1,10,11,12,-1,13,14,15,-1,12,16,10,-1,10,16,17,-1,10,17,18,-1,19,20,2,-1,2,20,21,-1,2,21,0,-1,9,8,22,-1,6,4,18,-1,18,4,23,-1,18,23,10,-1,3,5,24,-1,24,5,25,-1,24,25,26,-1,27,28,29,-1,29,28,30,-1,29,30,31,-1,31,30,32,-1,31,32,33,-1,33,32,34,-1,33,34,35,-1,35,34,2,-1,35,2,36,-1,36,2,37,-1,38,39,27,-1,27,39,40,-1,27,40,28,-1,41,42,43,-1,43,42,44,-1,43,44,45,-1,45,44,46,-1,45,46,47,-1,47,46,48,-1,13,15,49,-1,49,15,50,-1,49,50,51,-1,51,50,52,-1,51,52,53,-1,8,54,22,-1,22,54,55,-1,22,55,56,-1,56,55,57,-1,56,57,13,-1,13,57,58,-1,13,58,14,-1,59,60,61,-1,61,60,62,-1,61,62,63,-1,63,62,64,-1,63,64,65,-1,65,64,66,-1,65,66,67,-1,67,66,68,-1,67,68,69,-1,11,10,27,-1,27,10,70,-1,27,70,38,-1,46,71,48,-1,48,71,72,-1,48,72,73,-1,73,72,74,-1,73,74,75,-1,75,74,76,-1,75,76,77,-1,77,76,78,-1,77,78,79,-1,79,78,80,-1,79,80,81,-1,81,80,82,-1,81,82,59,-1,59,82,83,-1,59,83,60,-1,84,85,86,-1,86,85,87,-1,86,87,43,-1,43,87,88,-1,43,88,41,-1,89,90,91,-1,91,90,92,-1,91,92,93,-1,93,92,94,-1,93,94,95,-1,95,94,96,-1,95,96,97,-1,97,96,98,-1,97,98,19,-1,19,98,99,-1,19,99,20,-1,37,2,100,-1,100,2,1,-1,100,1,101,-1,53,52,102,-1,102,52,103,-1,102,103,104,-1,104,103,105,-1,104,105,106,-1,106,105,107,-1,106,107,108,-1,108,107,109,-1,108,109,84,-1,84,109,110,-1,84,110,85,-1,9,111,7,-1,7,111,112,-1,7,112,113,-1,113,112,114,-1,113,114,115,-1,115,114,116,-1,115,116,89,-1,89,116,117,-1,89,117,90,-1,26,25,118,-1,118,25,119,-1,118,119,120,-1,120,119,121,-1,120,121,122,-1,122,121,123,-1,122,123,124,-1,124,123,125,-1,124,125,126,-1,126,125,127,-1,126,127,128,-1,128,127,129,-1,128,129,130,-1,130,129,131,-1,130,131,132,-1,132,131,133,-1,132,133,134,-1,134,133,135,-1,134,135,1,-1,1,135,136,-1,1,136,101,-1,137,138,139,-1,68,140,69,-1,69,140,137,-1,69,137,141,-1,141,137,139,-1,142,143,137,-1,137,143,144,-1,137,144,138,-1,145,146,147,-1,146,148,147,-1,147,148,149,-1,147,149,150,-1,142,137,147,-1,147,137,151,-1,147,151,145,-1,152,75,153,-1,153,75,77,-1,153,77,154,-1,155,48,152,-1,152,48,73,-1,152,73,75,-1,155,156,48,-1,48,156,157,-1,48,157,47,-1,47,157,158,-1,47,158,45,-1,45,158,159,-1,45,159,43,-1,43,159,160,-1,43,160,86,-1,86,160,161,-1,86,161,84,-1,84,161,108,-1,108,161,162,-1,162,163,108,-1,108,163,164,-1,108,164,106,-1,106,164,165,-1,106,165,104,-1,166,51,167,-1,167,51,53,-1,167,53,168,-1,168,53,102,-1,168,102,169,-1,169,102,104,-1,169,104,165,-1,51,166,170,-1,51,170,49,-1,49,170,171,-1,49,171,13,-1,13,171,172,-1,13,172,56,-1,56,172,173,-1,56,173,22,-1,22,173,174,-1,22,174,9,-1,9,174,175,-1,9,175,111,-1,111,175,176,-1,111,176,112,-1,112,176,177,-1,112,177,114,-1,114,177,178,-1,179,117,178,-1,178,117,116,-1,178,116,114,-1,179,180,117,-1,117,180,181,-1,117,181,90,-1,90,181,182,-1,90,182,92,-1,182,183,92,-1,92,183,94,-1,183,184,94,-1,94,184,185,-1,94,185,96,-1,96,185,186,-1,96,186,98,-1,98,186,187,-1,98,187,99,-1,99,187,188,-1,99,188,20,-1,20,188,189,-1,20,189,21,-1,21,189,190,-1,21,190,0,-1,190,191,0,-1,0,191,192,-1,0,192,1,-1,1,192,193,-1,1,193,134,-1,134,193,194,-1,134,194,132,-1,194,195,132,-1,132,195,196,-1,132,196,130,-1,130,196,197,-1,130,197,128,-1,198,24,26,-1,128,197,199,-1,128,199,126,-1,126,199,200,-1,126,200,124,-1,200,201,124,-1,124,201,202,-1,124,202,122,-1,122,202,203,-1,122,203,120,-1,120,203,204,-1,120,204,118,-1,118,204,205,-1,118,205,26,-1,26,205,206,-1,26,206,198,-1,3,24,207,-1,207,24,198,-1,4,3,208,-1,208,3,207,-1,209,23,210,-1,210,23,4,-1,210,4,208,-1,23,209,10,-1,10,209,211,-1,10,211,212,-1,10,212,213,-1,10,213,70,-1,70,213,214,-1,70,214,38,-1,214,215,38,-1,38,215,216,-1,38,216,39,-1,39,216,217,-1,39,217,40,-1,40,217,218,-1,40,218,28,-1,28,218,219,-1,28,219,30,-1,30,219,220,-1,30,220,32,-1,220,221,32,-1,32,221,222,-1,32,222,34,-1,34,222,223,-1,34,223,2,-1,224,91,93,-1,2,223,225,-1,2,225,19,-1,19,225,226,-1,19,226,97,-1,97,226,227,-1,97,227,95,-1,95,227,228,-1,95,228,93,-1,93,228,229,-1,93,229,224,-1,91,224,230,-1,91,230,89,-1,89,230,231,-1,89,231,115,-1,115,231,232,-1,115,232,113,-1,232,233,113,-1,113,233,234,-1,113,234,7,-1,7,234,235,-1,7,235,8,-1,8,235,236,-1,8,236,54,-1,54,236,237,-1,54,237,55,-1,55,237,238,-1,55,238,57,-1,57,238,239,-1,57,239,58,-1,58,239,240,-1,58,240,14,-1,14,240,241,-1,14,241,15,-1,15,241,242,-1,15,242,50,-1,50,242,243,-1,50,243,52,-1,52,243,244,-1,52,244,103,-1,103,244,245,-1,103,245,105,-1,246,41,247,-1,247,41,88,-1,247,88,248,-1,248,88,87,-1,248,87,249,-1,249,87,85,-1,249,85,250,-1,250,85,110,-1,250,110,251,-1,251,110,109,-1,251,109,252,-1,252,109,107,-1,252,107,253,-1,253,107,105,-1,253,105,245,-1,42,41,254,-1,254,41,246,-1,42,254,255,-1,42,255,44,-1,44,255,256,-1,44,256,46,-1,46,256,257,-1,46,257,71,-1,71,257,258,-1,71,258,72,-1,72,258,259,-1,72,259,74,-1,74,259,260,-1,74,260,76,-1,76,260,261,-1,76,261,78,-1,261,262,78,-1,78,262,80,-1,262,263,80,-1,80,263,264,-1,80,264,82,-1,82,264,265,-1,82,265,83,-1,83,265,266,-1,83,266,60,-1,60,266,267,-1,60,267,62,-1,62,267,268,-1,62,268,64,-1,64,268,269,-1,64,269,66,-1,68,66,270,-1,270,66,269,-1,68,270,271,-1,68,271,140,-1,140,271,272,-1,140,272,137,-1,137,272,273,-1,137,273,151,-1,151,273,274,-1,151,274,145,-1,145,274,275,-1,145,275,146,-1,146,275,276,-1,146,276,148,-1,148,276,277,-1,148,277,149,-1,149,277,278,-1,149,278,150,-1,150,278,279,-1,150,279,147,-1,147,279,280,-1,147,280,142,-1,142,280,281,-1,142,281,143,-1,143,281,282,-1,143,282,144,-1,144,282,283,-1,144,283,138,-1,138,283,284,-1,138,284,139,-1,139,284,285,-1,139,285,141,-1,141,285,286,-1,141,286,69,-1,69,286,287,-1,69,287,67,-1,65,67,288,-1,288,67,287,-1,65,288,289,-1,65,289,63,-1,63,289,290,-1,63,290,61,-1,61,290,291,-1,61,291,59,-1,59,291,292,-1,59,292,81,-1,81,292,293,-1,81,293,79,-1,79,293,77,-1,77,293,294,-1,77,294,154,-1,11,295,296,-1,11,296,12,-1,12,296,297,-1,12,297,16,-1,16,297,298,-1,16,298,17,-1,17,298,299,-1,17,299,18,-1,18,299,300,-1,18,300,6,-1,6,300,301,-1,6,301,5,-1,5,301,302,-1,5,302,25,-1,25,302,303,-1,25,303,119,-1,119,303,304,-1,119,304,121,-1,121,304,305,-1,121,305,123,-1,123,305,306,-1,123,306,125,-1,125,306,307,-1,125,307,127,-1,127,307,308,-1,127,308,129,-1,129,308,309,-1,129,309,131,-1,131,309,310,-1,131,310,133,-1,133,310,311,-1,133,311,135,-1,135,311,312,-1,135,312,136,-1,136,312,313,-1,136,313,101,-1,101,313,314,-1,101,314,100,-1,100,314,315,-1,100,315,37,-1,37,315,316,-1,37,316,36,-1,36,316,317,-1,36,317,35,-1,35,317,318,-1,35,318,33,-1,33,318,319,-1,33,319,31,-1,31,319,320,-1,31,320,29,-1,29,320,321,-1,29,321,27,-1,27,321,295,-1,27,295,11,-1,
        ]
    }
}
Shape{
    appearance Appearance {
        material  Material 	{
            diffuseColor 0.20784313725490197 0.20784313725490197 0.20784313725490197
            specularColor 0.01568627450980392 0.01568627450980392 0.01568627450980392
            ambientIntensity 0.298
            transparency 0.0
            shininess 0.5
        }
    }
    geometry IndexedFaceSet {
        ccw TRUE
        solid FALSE
        coord DEF co Coordinate {
            point [
                0.4667 0.748 0.3661, 0.4605 0.765 0.3661, 0.4595 0.764 0.3661, 0.4696 0.7483 0.3661, 0.4718 0.7492 0.3661, 0.4692 0.7674 0.3661, 0.4671 0.7676 0.3661, 0.4647 0.7673 0.3661, 0.4625 0.7664 0.3661, 0.4578 0.7547 0.3661, 0.4588 0.7526 0.3661, 0.4602 0.7508 0.3661, 0.4671 0.748 0.3661, 0.4582 0.7619 0.3661, 0.4575 0.7595 0.3661, 0.4574 0.7571 0.3661, 0.4622 0.7494 0.3661, 0.4644 0.7484 0.3661, 0.4737 0.7506 0.3661, 0.4751 0.7521 0.3661, 0.4762 0.7543 0.3661, 0.4768 0.7567 0.3661, 0.4768 0.759 0.3661, 0.4763 0.7613 0.3661, 0.4752 0.7634 0.3661, 0.4736 0.7652 0.3661, 0.4715 0.7665 0.3661
            ]
        }
        coordIndex [
            0,1,2,-1,3,4,5,-1,6,7,0,-1,0,7,8,-1,0,8,1,-1,9,10,2,-1,2,10,11,-1,6,0,5,-1,5,0,12,-1,5,12,3,-1,13,14,2,-1,2,14,15,-1,2,15,9,-1,11,16,2,-1,2,16,17,-1,2,17,0,-1,4,18,5,-1,5,18,19,-1,5,19,20,-1,20,21,5,-1,5,21,22,-1,5,22,23,-1,23,24,5,-1,5,24,25,-1,5,25,26,-1,
        ]
    }
}
Shape{
    appearance Appearance {
        material  Material 	{
            diffuseColor 1.0 1.0 1.0
            specularColor 0.5019607843137255 0.5019607843137255 0.5019607843137255
            ambientIntensity 1.0
            transparency 0.0
            shininess 0.5
        }
    }
    geometry IndexedFaceSet {
        ccw TRUE
        solid FALSE
        coord DEF co Coordinate {
            point [
                0.6955 0.8364 0.3701, 0.6919 0.8409 0.3701, 0.6911 0.8369 0.3701, 0.6913 0.841 0.3701, 0.6857 0.8369 0.3701, 0.6812 0.841 0.3701, 0.6857 0.8097 0.3701, 0.6812 0.8056 0.3701, 0.6909 0.8097 0.3701, 0.6909 0.8056 0.3701, 0.6951 0.8101 0.3701, 0.6968 0.8064 0.3701, 0.6982 0.8111 0.3701, 0.7009 0.8079 0.3701, 0.7006 0.8126 0.3701, 0.7046 0.8106 0.3701, 0.7014 0.8134 0.3701, 0.7032 0.8157 0.3701, 0.707 0.8134 0.3701, 0.7044 0.8183 0.3701, 0.7089 0.817 0.3701, 0.705 0.8216 0.3701, 0.7098 0.8211 0.3701, 0.7051 0.8236 0.3701, 0.7099 0.8237 0.3701, 0.7047 0.8276 0.3701, 0.7095 0.8279 0.3701, 0.7038 0.8303 0.3701, 0.7083 0.8314 0.3701, 0.7025 0.8323 0.3701, 0.7063 0.8346 0.3701, 0.7013 0.8336 0.3701, 0.7046 0.8363 0.3701, 0.6986 0.8353 0.3701, 0.7014 0.8385 0.3701, 0.6973 0.8402 0.3701, 0.7046 0.8106 0.3661, 0.707 0.8134 0.3661, 0.7089 0.817 0.3661, 0.7098 0.8211 0.3661, 0.7099 0.8237 0.3661, 0.7095 0.8279 0.3661, 0.7083 0.8314 0.3661, 0.7063 0.8346 0.3661, 0.7046 0.8363 0.3661, 0.7014 0.8385 0.3661, 0.6974 0.8402 0.3661, 0.6973 0.8402 0.3661, 0.6919 0.8409 0.3661, 0.6913 0.841 0.3661, 0.6812 0.841 0.3661, 0.6812 0.8056 0.3661, 0.6909 0.8056 0.3661, 0.6968 0.8064 0.3661, 0.6974 0.8066 0.3661, 0.7009 0.8079 0.3661, 0.7013 0.8336 0.3661, 0.7025 0.8323 0.3661, 0.7038 0.8303 0.3661, 0.7047 0.8276 0.3661, 0.7051 0.8236 0.3661, 0.6911 0.8369 0.3661, 0.6955 0.8364 0.3661, 0.6986 0.8353 0.3661, 0.6857 0.8369 0.3661, 0.6857 0.8097 0.3661, 0.6909 0.8097 0.3661, 0.7014 0.8134 0.3661, 0.7006 0.8126 0.3661, 0.6982 0.8111 0.3661, 0.6951 0.8101 0.3661, 0.705 0.8216 0.3661, 0.7044 0.8183 0.3661, 0.7032 0.8157 0.3661
            ]
        }
        coordIndex [
            0,1,2,-1,2,1,3,-1,2,3,4,-1,4,3,5,-1,4,5,6,-1,6,5,7,-1,6,7,8,-1,8,7,9,-1,8,9,10,-1,10,9,11,-1,10,11,12,-1,12,11,13,-1,12,13,14,-1,14,13,15,-1,14,15,16,-1,16,15,17,-1,17,15,18,-1,17,18,19,-1,19,18,20,-1,19,20,21,-1,21,20,22,-1,21,22,23,-1,23,22,24,-1,23,24,25,-1,25,24,26,-1,25,26,27,-1,27,26,28,-1,27,28,29,-1,29,28,30,-1,29,30,31,-1,31,30,32,-1,31,32,33,-1,33,32,34,-1,33,34,0,-1,0,34,35,-1,0,35,1,-1,15,36,37,-1,15,37,18,-1,18,37,38,-1,18,38,20,-1,20,38,39,-1,20,39,22,-1,22,39,40,-1,22,40,24,-1,24,40,41,-1,24,41,26,-1,26,41,42,-1,26,42,28,-1,28,42,43,-1,28,43,30,-1,30,43,44,-1,30,44,32,-1,32,44,45,-1,32,45,34,-1,34,45,46,-1,34,46,35,-1,46,47,35,-1,35,47,48,-1,35,48,1,-1,1,48,49,-1,1,49,3,-1,5,3,50,-1,50,3,49,-1,7,5,51,-1,51,5,50,-1,9,7,52,-1,52,7,51,-1,36,15,13,-1,9,52,53,-1,9,53,11,-1,11,53,54,-1,11,54,13,-1,13,54,55,-1,13,55,36,-1,31,56,57,-1,31,57,29,-1,29,57,58,-1,29,58,27,-1,27,58,59,-1,27,59,25,-1,25,59,60,-1,25,60,23,-1,2,61,62,-1,2,62,0,-1,0,62,63,-1,0,63,33,-1,33,63,56,-1,33,56,31,-1,2,4,61,-1,61,4,64,-1,4,6,64,-1,64,6,65,-1,6,8,65,-1,65,8,66,-1,16,67,68,-1,16,68,14,-1,14,68,69,-1,14,69,12,-1,12,69,70,-1,12,70,10,-1,10,70,66,-1,10,66,8,-1,23,60,71,-1,23,71,21,-1,21,71,72,-1,21,72,19,-1,19,72,73,-1,19,73,17,-1,17,73,67,-1,17,67,16,-1,
        ]
    }
}
Shape{
    appearance Appearance {
        material  Material 	{
            diffuseColor 0.20784313725490197 0.20784313725490197 0.20784313725490197
            specularColor 0.01568627450980392 0.01568627450980392 0.01568627450980392
            ambientIntensity 0.298
            transparency 0.0
            shininess 0.5
        }
    }
    geometry IndexedFaceSet {
        ccw TRUE
        solid FALSE
        coord DEF co Coordinate {
            point [
                0.6857 0.8369 0.3661, 0.6857 0.8097 0.3661, 0.6911 0.8369 0.3661, 0.6909 0.8097 0.3661, 0.6951 0.8101 0.3661, 0.6982 0.8111 0.3661, 0.7006 0.8126 0.3661, 0.7014 0.8134 0.3661, 0.7032 0.8157 0.3661, 0.7044 0.8183 0.3661, 0.705 0.8216 0.3661, 0.7051 0.8236 0.3661, 0.7047 0.8276 0.3661, 0.7038 0.8303 0.3661, 0.7025 0.8323 0.3661, 0.7013 0.8336 0.3661, 0.6955 0.8364 0.3661, 0.6986 0.8353 0.3661
            ]
        }
        coordIndex [
            0,1,2,-1,2,1,3,-1,2,3,4,-1,4,5,2,-1,2,5,6,-1,2,6,7,-1,7,8,2,-1,2,8,9,-1,2,9,10,-1,10,11,2,-1,2,11,12,-1,2,12,13,-1,13,14,2,-1,2,14,15,-1,2,15,16,-1,16,15,17,-1,
        ]
    }
}
Shape{
    appearance Appearance {
        material  Material 	{
            diffuseColor 1.0 1.0 1.0
            specularColor 0.5019607843137255 0.5019607843137255 0.5019607843137255
            ambientIntensity 1.0
            transparency 0.0
            shininess 0.5
        }
    }
    geometry IndexedFaceSet {
        ccw TRUE
        solid FALSE
        coord DEF co Coordinate {
            point [
                0.6393 0.8091 0.3701, 0.6393 0.8091 0.3661, 0.6359 0.8095 0.3661, 0.6359 0.8095 0.3701, 0.6333 0.8105 0.3661, 0.6333 0.8105 0.3701, 0.631 0.8121 0.3661, 0.631 0.8121 0.3701, 0.6303 0.8128 0.3661, 0.6303 0.8128 0.3701, 0.6285 0.8154 0.3661, 0.6285 0.8154 0.3701, 0.6274 0.8182 0.3661, 0.6274 0.8182 0.3701, 0.6268 0.8226 0.3661, 0.6268 0.8226 0.3701, 0.6268 0.8229 0.3661, 0.6268 0.8229 0.3701, 0.6272 0.8271 0.3661, 0.6272 0.8271 0.3701, 0.6283 0.8303 0.3661, 0.6283 0.8303 0.3701, 0.6299 0.8328 0.3661, 0.6299 0.8328 0.3701, 0.6305 0.8335 0.3661, 0.6305 0.8335 0.3701, 0.633 0.8356 0.3661, 0.633 0.8356 0.3701, 0.6358 0.8368 0.3661, 0.6358 0.8368 0.3701, 0.6389 0.8374 0.3661, 0.6389 0.8374 0.3701, 0.6401 0.8374 0.3661, 0.6401 0.8374 0.3701, 0.6485 0.8353 0.3661, 0.6485 0.8353 0.3701, 0.6477 0.8357 0.3701, 0.6441 0.837 0.3661, 0.6441 0.837 0.3701, 0.647 0.836 0.3661, 0.6477 0.8357 0.3661, 0.6485 0.8401 0.3701, 0.6485 0.8401 0.3661, 0.6401 0.8415 0.3661, 0.6401 0.8415 0.3701, 0.6406 0.8415 0.3701, 0.647 0.8406 0.3661, 0.6451 0.8411 0.3701, 0.6451 0.8411 0.3661, 0.6437 0.8412 0.3661, 0.6406 0.8415 0.3661, 0.6376 0.8412 0.3661, 0.635 0.8409 0.3701, 0.635 0.8409 0.3661, 0.6313 0.8395 0.3661, 0.6313 0.8395 0.3701, 0.6279 0.8371 0.3661, 0.6279 0.8371 0.3701, 0.6271 0.8363 0.3661, 0.6271 0.8363 0.3701, 0.6248 0.8334 0.3661, 0.6248 0.8334 0.3701, 0.623 0.8295 0.3661, 0.623 0.8295 0.3701, 0.6221 0.825 0.3661, 0.6221 0.825 0.3701, 0.622 0.8226 0.3661, 0.622 0.8226 0.3701, 0.6227 0.817 0.3661, 0.6227 0.817 0.3701, 0.6241 0.8133 0.3661, 0.6241 0.8133 0.3701, 0.6262 0.8102 0.3661, 0.6262 0.8102 0.3701, 0.6266 0.8099 0.3661, 0.6266 0.8099 0.3701, 0.6387 0.805 0.3661, 0.6387 0.805 0.3701, 0.6364 0.8052 0.3701, 0.6293 0.8076 0.3661, 0.6293 0.8076 0.3701, 0.6326 0.806 0.3661, 0.6326 0.806 0.3701, 0.6355 0.8053 0.3661, 0.6364 0.8052 0.3661, 0.6485 0.8071 0.3661, 0.6485 0.8071 0.3701, 0.6479 0.8068 0.3701, 0.6441 0.8056 0.3701, 0.6418 0.8053 0.3661, 0.6441 0.8056 0.3661, 0.647 0.8065 0.3661, 0.6479 0.8068 0.3661, 0.6485 0.8115 0.3701, 0.6485 0.8115 0.3661, 0.647 0.8108 0.3661, 0.6452 0.81 0.3701, 0.6452 0.81 0.3661, 0.6413 0.8092 0.3661, 0.6413 0.8092 0.3701, 0.766 0.7633 0.3701, 0.7645 0.7593 0.3701, 0.7778 0.7633 0.3701, 0.7792 0.7593 0.3701, 0.7713 0.778 0.3701, 0.7696 0.7849 0.3701, 0.7561 0.7496 0.3701, 0.7611 0.7496 0.3701, 0.7716 0.779 0.3701, 0.7718 0.7804 0.3701, 0.7744 0.7849 0.3701, 0.7719 0.7804 0.3701, 0.7722 0.7789 0.3701, 0.7725 0.778 0.3701, 0.7879 0.7496 0.3701, 0.7828 0.7496 0.3701, 0.7696 0.7849 0.3661, 0.7744 0.7849 0.3661, 0.7561 0.7496 0.3661, 0.7677 0.7802 0.3661, 0.7611 0.7496 0.3661, 0.7645 0.7593 0.3661, 0.7792 0.7593 0.3661, 0.7828 0.7496 0.3661, 0.7879 0.7496 0.3661, 0.7762 0.7802 0.3661, 0.7713 0.778 0.3661, 0.7716 0.779 0.3661, 0.7718 0.7804 0.3661, 0.766 0.7633 0.3661, 0.7778 0.7633 0.3661, 0.7725 0.778 0.3661, 0.7719 0.7804 0.3661, 0.7722 0.7789 0.3661
            ]
        }
        coordIndex [
            0,1,2,-1,0,2,3,-1,3,2,4,-1,3,4,5,-1,5,4,6,-1,5,6,7,-1,7,6,8,-1,7,8,9,-1,9,8,10,-1,9,10,11,-1,11,10,12,-1,11,12,13,-1,13,12,14,-1,13,14,15,-1,15,14,16,-1,15,16,17,-1,17,16,18,-1,17,18,19,-1,19,18,20,-1,19,20,21,-1,21,20,22,-1,21,22,23,-1,23,22,24,-1,23,24,25,-1,25,24,26,-1,25,26,27,-1,27,26,28,-1,27,28,29,-1,29,28,30,-1,29,30,31,-1,31,30,32,-1,31,32,33,-1,34,35,36,-1,33,32,37,-1,33,37,38,-1,38,37,39,-1,38,39,36,-1,36,39,40,-1,36,40,34,-1,41,35,42,-1,42,35,34,-1,43,44,45,-1,41,42,46,-1,41,46,47,-1,46,48,47,-1,47,48,49,-1,47,49,45,-1,45,49,50,-1,45,50,43,-1,44,43,51,-1,44,51,52,-1,51,53,52,-1,52,53,54,-1,52,54,55,-1,55,54,56,-1,55,56,57,-1,57,56,58,-1,57,58,59,-1,59,58,60,-1,59,60,61,-1,61,60,62,-1,61,62,63,-1,63,62,64,-1,63,64,65,-1,65,64,66,-1,65,66,67,-1,67,66,68,-1,67,68,69,-1,69,68,70,-1,69,70,71,-1,71,70,72,-1,71,72,73,-1,73,72,74,-1,73,74,75,-1,76,77,78,-1,75,74,79,-1,75,79,80,-1,80,79,81,-1,80,81,82,-1,82,81,83,-1,82,83,78,-1,78,83,84,-1,78,84,76,-1,85,86,87,-1,77,76,88,-1,88,76,89,-1,89,90,88,-1,88,90,91,-1,88,91,87,-1,87,91,92,-1,87,92,85,-1,93,86,94,-1,94,86,85,-1,93,94,95,-1,93,95,96,-1,95,97,96,-1,96,97,98,-1,96,98,99,-1,99,98,1,-1,99,1,0,-1,36,35,41,-1,27,29,52,-1,11,13,69,-1,19,21,61,-1,52,29,44,-1,36,41,38,-1,69,13,67,-1,61,21,59,-1,29,31,44,-1,44,31,33,-1,44,33,45,-1,45,33,38,-1,45,38,47,-1,47,38,41,-1,52,55,27,-1,27,55,57,-1,27,57,25,-1,25,57,59,-1,25,59,23,-1,23,59,21,-1,69,71,11,-1,11,71,73,-1,11,73,9,-1,9,73,75,-1,9,75,7,-1,7,75,80,-1,7,80,5,-1,5,80,82,-1,5,82,3,-1,3,82,78,-1,3,78,0,-1,0,78,77,-1,0,77,99,-1,99,77,88,-1,99,88,96,-1,96,88,87,-1,96,87,93,-1,93,87,86,-1,13,15,67,-1,67,15,17,-1,67,17,65,-1,65,17,19,-1,65,19,63,-1,63,19,61,-1,100,101,102,-1,102,101,103,-1,104,105,100,-1,100,105,106,-1,100,106,101,-1,101,106,107,-1,104,108,105,-1,105,108,109,-1,105,109,110,-1,110,109,111,-1,110,111,112,-1,112,113,110,-1,110,113,102,-1,110,102,114,-1,114,102,103,-1,114,103,115,-1,105,110,116,-1,116,110,117,-1,118,106,119,-1,119,106,105,-1,119,105,116,-1,107,106,120,-1,120,106,118,-1,101,107,121,-1,121,107,120,-1,103,101,122,-1,122,101,121,-1,115,103,123,-1,123,103,122,-1,114,115,124,-1,124,115,123,-1,114,124,110,-1,110,124,125,-1,110,125,117,-1,104,126,127,-1,104,127,108,-1,108,127,128,-1,108,128,109,-1,104,100,126,-1,126,100,129,-1,100,102,129,-1,129,102,130,-1,102,113,130,-1,130,113,131,-1,111,132,133,-1,111,133,112,-1,112,133,131,-1,112,131,113,-1,111,109,132,-1,132,109,128,-1,
        ]
    }
}
Shape{
    appearance Appearance {
        material  Material 	{
            diffuseColor 0.20784313725490197 0.20784313725490197 0.20784313725490197
            specularColor 0.01568627450980392 0.01568627450980392 0.01568627450980392
            ambientIntensity 0.298
            transparency 0.0
            shininess 0.5
        }
    }
    geometry IndexedFaceSet {
        ccw TRUE
        solid FALSE
        coord DEF co Coordinate {
            point [
                0.7719 0.7804 0.3661, 0.7718 0.7804 0.3661, 0.7722 0.7789 0.3661, 0.7716 0.779 0.3661, 0.7725 0.778 0.3661, 0.7713 0.778 0.3661, 0.7778 0.7633 0.3661, 0.766 0.7633 0.3661
            ]
        }
        coordIndex [
            0,1,2,-1,2,1,3,-1,2,3,4,-1,4,3,5,-1,4,5,6,-1,6,5,7,-1,
        ]
    }
}
Shape{
    appearance Appearance {
        material  Material 	{
            diffuseColor 1.0 1.0 1.0
            specularColor 0.5019607843137255 0.5019607843137255 0.5019607843137255
            ambientIntensity 1.0
            transparency 0.0
            shininess 0.5
        }
    }
    geometry IndexedFaceSet {
        ccw TRUE
        solid FALSE
        coord DEF co Coordinate {
            point [
                0.7187 0.7537 0.3701, 0.7187 0.7537 0.3661, 0.7043 0.7537 0.3701, 0.7109 0.7537 0.3661, 0.7043 0.7537 0.3661, 0.7043 0.7655 0.3701, 0.7043 0.7655 0.3661, 0.7169 0.7655 0.3701, 0.7109 0.7655 0.3661, 0.7169 0.7655 0.3661, 0.7169 0.7696 0.3701, 0.7169 0.7696 0.3661, 0.7043 0.7696 0.3661, 0.7043 0.7696 0.3701, 0.7109 0.7696 0.3661, 0.7043 0.7809 0.3661, 0.7043 0.7809 0.3701, 0.7043 0.7802 0.3661, 0.7179 0.7809 0.3661, 0.7179 0.7809 0.3701, 0.7109 0.7809 0.3661, 0.7179 0.7849 0.3701, 0.7179 0.7849 0.3661, 0.6997 0.7849 0.3661, 0.6997 0.7849 0.3701, 0.7109 0.7849 0.3661, 0.6997 0.7496 0.3661, 0.6997 0.7496 0.3701, 0.6997 0.7802 0.3661, 0.7187 0.7496 0.3701, 0.7109 0.7496 0.3661, 0.7187 0.7496 0.3661, 0.6065 0.7537 0.3661, 0.6065 0.7537 0.3701, 0.6208 0.7537 0.3661, 0.621 0.7537 0.3701, 0.621 0.7537 0.3661, 0.6065 0.7655 0.3701, 0.6065 0.7655 0.3661, 0.6192 0.7655 0.3701, 0.6192 0.7655 0.3661, 0.6192 0.7696 0.3701, 0.6192 0.7696 0.3661, 0.6065 0.7696 0.3701, 0.6065 0.7696 0.3661, 0.6065 0.7809 0.3661, 0.6065 0.7809 0.3701, 0.6065 0.7802 0.3661, 0.6202 0.7809 0.3701, 0.6202 0.7809 0.3661, 0.6202 0.7849 0.3701, 0.6202 0.7849 0.3661, 0.602 0.7849 0.3701, 0.602 0.7849 0.3661, 0.602 0.7496 0.3661, 0.602 0.7496 0.3701, 0.602 0.7802 0.3661, 0.621 0.7496 0.3661, 0.621 0.7496 0.3701, 0.6208 0.7496 0.3661, 0.7218 0.8193 0.3701, 0.7203 0.8153 0.3701, 0.7336 0.8193 0.3701, 0.735 0.8153 0.3701, 0.727 0.834 0.3701, 0.7253 0.841 0.3701, 0.7119 0.8056 0.3701, 0.7169 0.8056 0.3701, 0.7274 0.835 0.3701, 0.7276 0.8364 0.3701, 0.7302 0.841 0.3701, 0.7277 0.8364 0.3701, 0.728 0.8349 0.3701, 0.7283 0.834 0.3701, 0.7437 0.8056 0.3701, 0.7386 0.8056 0.3701, 0.7253 0.841 0.3661, 0.7302 0.841 0.3661, 0.7119 0.8056 0.3661, 0.7221 0.8324 0.3661, 0.7169 0.8056 0.3661, 0.7203 0.8153 0.3661, 0.735 0.8153 0.3661, 0.7221 0.8153 0.3661, 0.7386 0.8056 0.3661, 0.7437 0.8056 0.3661, 0.727 0.834 0.3661, 0.7274 0.835 0.3661, 0.7276 0.8364 0.3661, 0.7218 0.8193 0.3661, 0.7336 0.8193 0.3661, 0.7283 0.834 0.3661, 0.7277 0.8364 0.3661, 0.728 0.8349 0.3661
            ]
        }
        coordIndex [
            0,1,2,-1,2,1,3,-1,2,3,4,-1,5,2,6,-1,6,2,4,-1,5,6,7,-1,7,6,8,-1,7,8,9,-1,10,7,11,-1,11,7,9,-1,12,13,14,-1,14,13,10,-1,14,10,11,-1,15,16,17,-1,17,16,13,-1,17,13,12,-1,18,19,20,-1,20,19,16,-1,20,16,15,-1,21,19,22,-1,22,19,18,-1,23,24,25,-1,25,24,21,-1,25,21,22,-1,26,27,28,-1,28,27,24,-1,28,24,23,-1,27,26,29,-1,29,26,30,-1,29,30,31,-1,0,29,1,-1,1,29,31,-1,27,29,0,-1,0,2,27,-1,27,2,5,-1,27,5,24,-1,19,21,16,-1,16,21,24,-1,16,24,13,-1,13,24,5,-1,13,5,10,-1,10,5,7,-1,32,33,34,-1,34,33,35,-1,34,35,36,-1,37,33,38,-1,38,33,32,-1,39,37,40,-1,40,37,38,-1,41,39,42,-1,42,39,40,-1,43,41,44,-1,44,41,42,-1,45,46,47,-1,47,46,43,-1,47,43,44,-1,48,46,49,-1,49,46,45,-1,50,48,51,-1,51,48,49,-1,52,50,53,-1,53,50,51,-1,54,55,56,-1,56,55,52,-1,56,52,53,-1,57,58,59,-1,59,58,55,-1,59,55,54,-1,35,58,36,-1,36,58,57,-1,55,58,35,-1,35,33,55,-1,55,33,37,-1,55,37,52,-1,48,50,46,-1,46,50,52,-1,46,52,43,-1,43,52,37,-1,43,37,41,-1,41,37,39,-1,60,61,62,-1,62,61,63,-1,64,65,60,-1,60,65,66,-1,60,66,61,-1,61,66,67,-1,64,68,65,-1,65,68,69,-1,65,69,70,-1,70,69,71,-1,70,71,72,-1,72,73,70,-1,70,73,62,-1,70,62,74,-1,74,62,63,-1,74,63,75,-1,65,70,76,-1,76,70,77,-1,78,66,79,-1,79,66,65,-1,79,65,76,-1,67,66,80,-1,80,66,78,-1,61,67,81,-1,81,67,80,-1,82,63,83,-1,83,63,61,-1,83,61,81,-1,75,63,84,-1,84,63,82,-1,74,75,85,-1,85,75,84,-1,70,74,77,-1,77,74,85,-1,64,86,87,-1,64,87,68,-1,68,87,88,-1,68,88,69,-1,64,60,86,-1,86,60,89,-1,60,62,89,-1,89,62,90,-1,62,73,90,-1,90,73,91,-1,71,92,93,-1,71,93,72,-1,72,93,91,-1,72,91,73,-1,71,69,92,-1,92,69,88,-1,
        ]
    }
}
Shape{
    appearance Appearance {
        material  Material 	{
            diffuseColor 0.20784313725490197 0.20784313725490197 0.20784313725490197
            specularColor 0.01568627450980392 0.01568627450980392 0.01568627450980392
            ambientIntensity 0.298
            transparency 0.0
            shininess 0.5
        }
    }
    geometry IndexedFaceSet {
        ccw TRUE
        solid FALSE
        coord DEF co Coordinate {
            point [
                0.7277 0.8364 0.3661, 0.7276 0.8364 0.3661, 0.728 0.8349 0.3661, 0.7274 0.835 0.3661, 0.7283 0.834 0.3661, 0.727 0.834 0.3661, 0.7336 0.8193 0.3661, 0.7218 0.8193 0.3661
            ]
        }
        coordIndex [
            0,1,2,-1,2,1,3,-1,2,3,4,-1,4,3,5,-1,4,5,6,-1,6,5,7,-1,
        ]
    }
}
Shape{
    appearance Appearance {
        material  Material 	{
            diffuseColor 1.0 1.0 1.0
            specularColor 0.5019607843137255 0.5019607843137255 0.5019607843137255
            ambientIntensity 1.0
            transparency 0.0
            shininess 0.5
        }
    }
    geometry IndexedFaceSet {
        ccw TRUE
        solid FALSE
        coord DEF co Coordinate {
            point [
                0.6601 0.8097 0.3661, 0.6601 0.8097 0.3701, 0.6696 0.8097 0.3661, 0.6745 0.8097 0.3701, 0.6745 0.8097 0.3661, 0.6601 0.8215 0.3701, 0.6601 0.8215 0.3661, 0.6727 0.8215 0.3701, 0.6696 0.8215 0.3661, 0.6727 0.8215 0.3661, 0.6727 0.8256 0.3701, 0.6727 0.8256 0.3661, 0.6601 0.8256 0.3661, 0.6601 0.8256 0.3701, 0.6696 0.8256 0.3661, 0.6601 0.8369 0.3701, 0.6601 0.8369 0.3661, 0.6737 0.8369 0.3701, 0.6696 0.8369 0.3661, 0.6737 0.8369 0.3661, 0.6737 0.841 0.3701, 0.6737 0.841 0.3661, 0.6555 0.841 0.3661, 0.6555 0.841 0.3701, 0.6696 0.841 0.3661, 0.6555 0.8056 0.3701, 0.6555 0.8056 0.3661, 0.6745 0.8056 0.3701, 0.6696 0.8056 0.3661, 0.6745 0.8056 0.3661, 0.6065 0.8097 0.3701, 0.6206 0.8097 0.3701, 0.6065 0.8097 0.3661, 0.6206 0.8097 0.3661, 0.6065 0.841 0.3701, 0.6065 0.841 0.3661, 0.602 0.841 0.3701, 0.602 0.841 0.3661, 0.602 0.8056 0.3701, 0.602 0.8056 0.3661, 0.6206 0.8056 0.3701, 0.6206 0.8056 0.3661
            ]
        }
        coordIndex [
            0,1,2,-1,2,1,3,-1,2,3,4,-1,5,1,6,-1,6,1,0,-1,5,6,7,-1,7,6,8,-1,7,8,9,-1,10,7,11,-1,11,7,9,-1,12,13,14,-1,14,13,10,-1,14,10,11,-1,15,13,16,-1,16,13,12,-1,15,16,17,-1,17,16,18,-1,17,18,19,-1,20,17,21,-1,21,17,19,-1,22,23,24,-1,24,23,20,-1,24,20,21,-1,25,23,26,-1,26,23,22,-1,25,26,27,-1,27,26,28,-1,27,28,29,-1,3,27,4,-1,4,27,29,-1,25,27,3,-1,3,1,25,-1,25,1,5,-1,25,5,23,-1,17,20,15,-1,15,20,23,-1,15,23,13,-1,13,23,5,-1,13,5,10,-1,10,5,7,-1,30,31,32,-1,32,31,33,-1,34,30,35,-1,35,30,32,-1,36,34,37,-1,37,34,35,-1,38,36,39,-1,39,36,37,-1,40,38,41,-1,41,38,39,-1,31,40,33,-1,33,40,41,-1,34,36,30,-1,30,36,38,-1,30,38,31,-1,31,38,40,-1,
        ]
    }
}